country,AF,AL,AM,AR,AT,AU,AW,AZ,BA,BD,BE,BF,BG,BI,BJ,BQ,BR,BW,CA,CD,CG,CH,CI,CL,CM,CN,CO,CR,CU,CV,CY,CZ,DE,DJ,DK,DZ,EC,EE,EG,EL,ES,ET,FI,FO,FR,GA,GE,GH,GL,GM,GN,GT,GW,HR,HT,HU,ID,IE,IL,IN,IQ,IR,IS,IT,JO,JP,KE,KG,KH,KR,KZ,LB,LK,LR,LS,LT,LU,LV,LY,MA,MD,ME,MG,MH,MK,ML,MR,MT,MU,MV,MW,MX,MY,MZ,NC,NE,NG,NI,NL,NO,NZ,PE,PF,PG,PH,PK,PL,PS,PT,RO,RS,RW,SD,SE,SG,SI,SK,SL,SN,SR,SZ,TD,TG,TH,TN,TR,TW,TZ,UA,UG,UK,US,UY,UZ,VE,VN,XK,ZA,ZM,ZW
AF,0,0,0,0,0,0,0,0,0,0,0,0,0,0,0,0,0,0,1,0,0,0,0,0,0,0,0,0,0,0,0,0,1,0,0,0,0,0,0,1,0,0,0,0,0,0,0,0,0,0,0,0,0,0,0,0,0,0,0,0,1,0,0,0,1,0,0,0,0,0,0,0,0,0,0,0,0,0,0,1,0,0,0,0,0,0,0,0,0,0,0,0,0,0,0,0,1,0,1,0,0,0,0,0,0,0,1,0,0,0,0,0,0,1,0,0,0,0,0,0,0,0,0,0,1,1,0,0,0,0,0,0,0,0,0,0,0,0,0,0
AL,0,0,4,0,11,0,1,2,7,0,17,0,11,0,0,1,0,0,0,0,0,1,0,0,0,0,0,0,0,0,10,13,21,0,10,0,0,8,0,18,26,0,6,2,16,0,5,0,0,0,0,0,0,13,0,11,0,11,7,0,0,0,5,28,0,0,1,0,0,0,0,0,0,0,0,7,8,7,0,2,11,5,0,0,8,0,0,7,0,0,0,0,0,0,0,0,0,0,16,7,0,0,0,0,0,0,11,0,15,16,14,0,0,4,0,13,10,0,0,0,0,0,0,0,3,10,0,0,7,0,2,1,0,0,0,0,3,0,0,0
AM,0,4,0,0,7,0,0,2,2,0,8,0,5,0,0,0,0,0,0,0,0,0,0,0,0,0,0,0,0,0,7,8,12,0,5,0,0,6,0,14,11,0,2,1,8,0,6,0,0,0,0,0,0,5,0,7,0,5,5,0,0,0,4,14,0,0,0,0,0,0,0,0,0,0,0,6,4,7,0,1,6,3,0,0,4,0,0,6,0,0,0,0,0,0,0,0,0,0,5,3,0,0,0,0,0,0,10,0,8,8,6,0,0,4,0,6,9,0,0,0,0,0,0,0,3,7,0,0,5,0,3,0,0,1,0,0,0,0,0,0
AR,0,0,0,0,3,0,0,0,0,0,6,0,0,0,0,0,2,0,0,0,0,0,0,1,0,0,0,2,0,0,1,1,5,0,2,0,0,1,1,5,9,0,1,0,4,0,0,0,0,0,0,0,0,2,0,3,0,2,3,0,0,0,0,8,0,1,0,0,0,0,0,0,0,0,0,0,0,0,0,0,0,0,0,0,1,0,0,1,0,0,0,1,0,0,0,0,0,0,3,2,0,1,0,0,0,0,3,0,3,0,0,0,0,5,0,3,0,0,0,0,0,0,0,0,0,1,0,0,0,0,2,2,0,0,0,0,0,1,0,0
AT,0,11,7,3,0,2,0,2,14,4,736,1,131,0,1,1,4,0,5,2,0,35,0,1,3,1,5,3,0,1,153,284,1120,0,335,1,0,142,6,558,910,2,364,2,776,1,16,2,2,0,2,1,0,128,0,186,0,265,100,4,1,1,35,944,0,3,10,0,0,2,0,5,0,0,0,119,99,98,0,7,22,8,0,0,21,1,0,36,1,0,1,0,0,2,1,0,2,1,731,281,8,3,1,0,2,1,366,0,363,234,86,1,0,390,0,230,120,0,4,1,0,0,0,4,9,150,0,3,59,3,122,32,0,1,0,3,4,23,1,1
AU,0,0,0,0,2,0,0,0,0,1,4,1,1,0,0,0,1,0,0,0,0,2,0,0,0,0,0,0,0,0,2,2,9,0,3,0,0,1,0,2,5,0,2,0,6,0,0,0,0,0,0,0,0,0,0,3,0,2,2,0,0,0,0,5,0,1,1,0,0,0,0,1,0,0,0,1,0,1,0,0,0,0,0,0,0,1,0,0,0,0,0,0,0,0,1,0,0,0,5,4,1,0,0,0,0,0,1,0,5,0,1,0,0,3,0,1,1,0,1,0,0,0,0,1,0,0,0,0,0,0,3,1,0,0,0,0,0,3,0,0
AW,0,1,0,0,0,0,0,0,0,0,1,0,0,0,0,1,0,0,0,0,0,0,0,0,0,0,0,0,0,0,0,0,1,0,0,0,0,0,0,0,2,0,0,0,0,0,0,0,0,0,0,0,0,0,0,1,0,0,0,0,0,0,0,1,0,0,0,0,0,0,0,0,0,0,0,0,0,0,0,0,0,0,0,0,0,0,0,0,0,0,0,0,0,0,0,0,0,0,2,0,0,0,0,0,0,0,0,0,1,1,0,0,0,1,0,0,0,0,0,0,0,0,0,0,0,0,0,0,0,0,0,0,0,0,0,0,0,0,0,0
AZ,0,2,2,0,2,0,0,0,0,0,2,0,2,0,0,0,0,0,0,0,0,0,0,0,0,0,0,0,0,0,2,2,2,0,2,0,0,2,0,2,2,0,0,0,2,0,2,0,0,0,0,0,0,2,0,2,0,2,2,0,0,0,0,2,0,0,0,0,0,0,0,0,0,0,0,2,2,2,0,0,2,2,0,0,2,0,0,2,0,0,0,0,0,0,0,0,0,0,2,0,0,0,0,0,0,0,2,0,2,2,2,0,0,0,0,2,2,0,0,0,0,0,0,0,0,2,0,0,2,0,1,0,0,0,0,0,0,0,0,0
BA,0,7,2,0,14,0,0,0,0,0,18,0,13,0,0,0,0,0,0,0,0,2,0,0,0,0,0,0,0,0,7,8,24,0,9,0,0,5,1,17,25,0,9,1,21,0,3,0,0,0,0,0,0,16,0,9,0,8,3,0,1,0,3,24,0,0,0,0,0,0,0,0,0,0,0,3,5,3,0,0,5,4,0,0,7,0,0,3,0,0,0,0,0,0,0,0,0,0,15,7,0,0,0,0,0,0,13,0,10,12,15,0,0,9,0,14,6,0,0,0,0,0,0,0,1,8,0,0,4,0,1,1,0,0,0,0,2,0,1,0
BD,0,0,0,0,4,1,0,0,0,0,3,1,2,0,0,0,1,0,0,0,0,1,0,0,0,0,0,0,0,0,1,1,8,0,2,0,0,1,1,4,5,1,3,0,3,0,0,0,0,0,0,0,0,0,0,2,0,3,1,0,0,0,0,7,0,0,1,0,0,0,0,0,0,0,0,0,0,1,0,0,0,0,0,0,0,1,0,0,0,0,0,0,0,0,1,0,1,0,3,2,0,0,0,0,0,1,2,0,2,1,2,1,0,5,0,2,1,0,2,0,0,0,0,0,0,1,0,1,0,1,2,1,0,0,0,0,0,1,0,0
BE,0,17,8,6,736,4,1,2,18,3,0,8,216,1,3,1,5,1,14,14,0,54,7,4,4,3,11,4,0,4,276,407,1867,1,594,2,3,240,9,1013,1750,7,626,7,1512,0,22,20,6,1,3,0,0,163,1,279,0,547,169,3,0,1,59,1708,1,5,36,2,2,7,1,7,2,0,0,209,175,141,0,18,26,12,2,0,33,2,1,56,2,1,2,1,0,4,1,0,11,0,1365,538,13,5,0,1,2,4,568,1,701,361,155,8,1,661,0,348,166,0,11,0,0,1,2,6,23,245,0,11,102,15,177,57,0,2,0,2,6,54,5,1
BF,0,0,0,0,1,1,0,0,0,1,8,0,1,1,3,0,0,0,0,5,0,1,1,0,0,0,0,0,0,0,2,1,9,0,3,0,0,0,2,2,4,1,5,0,8,1,0,9,0,0,0,0,0,1,0,2,0,1,1,0,0,0,0,6,0,0,5,0,0,0,0,0,0,0,0,0,0,1,0,2,0,0,1,0,0,5,1,0,0,0,2,0,0,2,1,0,3,0,10,4,0,0,0,0,0,0,1,0,1,1,4,1,1,7,0,2,2,0,4,0,0,0,1,0,2,1,0,5,0,5,4,2,0,0,0,0,0,4,1,0
BG,0,11,5,0,131,1,0,2,13,2,216,1,0,0,0,1,0,0,1,1,0,7,1,0,2,0,1,1,0,1,83,86,270,0,109,0,0,67,2,204,249,2,114,5,187,0,11,2,1,0,0,0,0,70,0,74,0,112,37,0,0,0,22,259,1,0,6,0,1,2,1,2,0,0,0,54,45,38,0,3,19,7,0,0,13,1,0,22,1,0,0,0,0,0,1,0,2,0,166,73,2,1,0,0,0,0,121,0,133,129,46,2,0,100,0,79,57,0,1,0,0,0,0,0,6,52,0,1,36,1,31,4,0,0,0,0,1,8,1,0
BI,0,0,0,0,0,0,0,0,0,0,1,1,0,0,0,0,0,0,0,2,0,0,0,0,1,0,0,0,0,0,0,0,1,0,2,0,0,0,0,1,1,0,0,0,2,0,0,0,0,0,0,0,0,0,0,0,0,0,0,0,0,0,0,0,0,0,1,0,0,0,0,0,0,0,0,0,0,0,0,0,0,0,1,0,0,0,0,0,0,0,0,0,0,0,0,0,1,0,3,1,0,0,0,0,0,0,0,0,0,0,0,3,0,0,0,0,0,0,0,0,0,0,0,0,0,0,0,2,0,2,2,0,0,0,0,0,0,0,0,0
BJ,0,0,0,0,1,0,0,0,0,0,3,3,0,0,0,0,0,0,0,0,0,0,1,0,0,0,0,0,0,0,1,0,5,0,1,0,0,0,0,1,1,2,0,0,6,2,0,4,0,0,0,0,0,0,0,0,0,0,0,0,0,0,0,3,0,0,4,0,0,0,0,0,0,0,0,0,0,0,0,1,0,0,0,0,0,1,0,0,0,0,2,0,0,1,0,0,3,0,4,2,0,0,0,0,0,0,1,0,0,0,1,1,0,0,0,0,0,0,2,0,0,0,0,0,0,0,0,1,0,3,2,0,0,0,0,0,0,3,0,0
BQ,0,1,0,0,1,0,1,0,0,0,1,0,1,0,0,0,0,0,0,0,0,0,0,0,0,0,0,0,0,0,1,1,2,0,1,0,0,1,0,1,2,0,1,0,1,0,0,0,0,0,0,0,0,1,0,2,0,1,1,0,0,0,0,2,0,0,0,0,0,0,0,0,0,0,0,1,1,1,0,0,0,0,0,0,0,0,0,1,0,0,0,0,0,0,0,0,0,0,2,1,0,0,0,0,0,0,1,0,2,2,0,0,0,1,0,1,1,0,0,0,0,0,0,0,0,0,0,0,0,0,0,0,0,0,0,0,0,0,0,0
BR,0,0,0,2,4,1,0,0,0,1,5,0,0,0,0,0,0,0,0,0,0,1,0,2,0,1,2,3,1,1,1,0,10,0,3,0,2,0,0,4,7,0,3,0,6,0,0,1,0,0,0,0,0,0,0,1,0,2,1,3,0,0,0,7,0,0,2,0,0,0,0,0,0,0,0,0,1,1,0,1,0,0,0,0,0,0,0,0,0,0,0,0,1,1,0,0,1,0,6,5,1,2,1,0,2,1,1,1,4,1,1,0,0,1,0,1,0,1,1,0,0,0,0,0,0,1,0,0,1,2,4,3,1,0,1,1,0,1,0,0
BW,0,0,0,0,0,0,0,0,0,0,1,0,0,0,0,0,0,0,0,0,0,0,1,0,0,0,0,0,0,0,1,1,3,0,1,0,0,0,0,1,1,1,0,0,2,0,0,1,0,0,0,0,0,0,0,0,0,0,0,0,0,0,0,2,0,0,1,0,0,0,0,0,0,0,1,0,0,0,0,0,0,0,0,0,0,0,0,0,0,0,0,0,0,1,0,0,0,0,1,1,0,0,0,0,0,0,0,0,1,0,0,0,0,2,0,0,0,0,1,0,1,0,0,0,0,0,0,0,0,0,2,0,0,0,0,0,0,1,2,0
CA,1,0,0,0,5,0,0,0,0,0,14,0,1,0,0,0,0,0,0,2,0,1,0,0,0,1,0,0,0,0,1,3,15,0,3,0,0,0,0,10,14,0,5,0,18,0,0,1,1,0,0,0,0,1,0,2,0,3,1,1,1,0,3,13,1,1,2,1,0,1,0,0,0,0,0,2,2,0,0,2,0,0,0,0,1,0,0,0,0,0,0,1,0,0,0,0,2,0,17,3,0,0,0,0,1,1,6,0,8,1,1,0,0,5,0,3,1,0,0,0,0,0,0,0,1,2,0,0,4,2,6,2,0,0,0,0,0,3,0,0
CD,0,0,0,0,2,0,0,0,0,0,14,5,1,2,0,0,0,0,2,0,3,0,3,0,3,0,2,0,0,0,2,0,10,0,3,0,0,1,1,2,10,1,6,0,10,2,0,2,0,0,2,0,0,1,0,3,0,2,0,0,0,0,0,5,0,0,5,0,0,0,0,0,0,0,0,1,0,0,0,1,0,0,0,0,0,2,1,0,1,0,1,0,0,2,0,0,2,0,8,6,0,0,0,0,0,0,0,0,1,1,1,3,1,6,0,2,1,0,3,0,0,0,1,0,2,2,0,9,0,8,5,1,0,0,0,0,0,2,3,0
CG,0,0,0,0,0,0,0,0,0,0,0,0,0,0,0,0,0,0,0,3,0,0,0,0,1,0,0,0,0,0,0,0,2,0,0,0,0,0,0,0,2,0,0,0,2,1,0,0,0,0,0,0,0,0,0,0,0,0,0,0,0,0,0,1,0,0,0,0,0,0,0,0,0,0,0,0,0,0,0,0,0,0,0,0,0,0,0,0,0,0,0,0,0,0,0,0,0,0,1,0,0,0,0,0,0,0,0,0,0,0,0,0,0,0,0,0,0,0,0,0,0,0,0,0,0,0,0,0,0,1,0,0,0,0,0,0,0,0,0,0
CH,0,1,0,0,35,2,0,0,2,1,54,1,7,0,0,0,1,0,1,0,0,0,0,0,0,0,0,0,0,0,8,26,89,0,28,0,0,6,2,30,72,3,28,2,74,0,1,0,0,0,0,0,0,7,1,15,0,20,10,1,0,0,2,72,0,0,2,0,0,1,0,1,0,0,0,6,10,3,0,0,0,1,2,0,1,1,0,2,0,0,0,0,0,1,1,0,2,0,63,24,0,0,0,0,1,1,19,1,21,13,5,0,0,33,0,17,8,0,2,0,0,0,0,1,1,4,0,0,4,1,37,13,0,0,0,0,0,7,0,1
CI,0,0,0,0,0,0,0,0,0,0,7,1,1,0,1,0,0,1,0,3,0,0,0,0,1,0,0,0,0,0,2,2,6,0,2,0,0,0,1,2,7,1,1,0,9,1,0,4,0,0,1,0,0,1,0,1,0,1,0,0,0,0,0,5,0,0,9,0,0,0,0,0,0,0,0,0,0,0,0,2,0,0,1,0,0,0,1,0,1,0,1,0,0,1,0,0,6,0,3,1,0,0,0,0,0,0,0,0,1,1,1,2,1,2,0,1,1,0,5,0,0,0,1,0,1,1,0,1,0,2,1,0,0,0,0,0,0,7,3,0
CL,0,0,0,1,1,0,0,0,0,0,4,0,0,0,0,0,2,0,0,0,0,0,0,0,0,0,3,3,1,0,0,1,5,0,0,0,1,0,0,2,7,0,3,0,2,0,0,0,0,0,0,0,0,0,0,0,0,0,0,0,0,0,0,4,0,0,0,0,0,0,0,0,0,0,0,0,0,1,0,0,0,0,0,0,0,0,0,0,0,0,0,1,0,0,0,0,0,0,0,1,0,1,0,0,0,0,2,0,3,1,0,0,0,0,0,0,0,0,0,0,0,0,0,0,0,0,0,0,0,0,1,0,1,0,0,0,0,0,0,0
CM,0,0,0,0,3,0,0,0,0,0,4,0,2,1,0,0,0,0,0,3,1,0,1,0,0,0,1,0,0,1,1,0,12,0,2,1,0,0,1,5,5,1,3,0,9,3,0,3,0,0,0,0,0,1,0,0,0,0,1,0,0,0,0,8,0,0,6,0,0,0,0,0,0,0,0,1,0,0,0,1,0,0,0,0,0,0,0,0,1,0,0,0,0,1,0,0,5,0,9,1,0,0,0,0,0,0,0,0,1,1,1,2,0,2,0,0,0,1,4,0,0,0,0,0,2,1,0,0,0,2,2,0,0,0,0,0,0,5,0,0
CN,0,0,0,0,1,0,0,0,0,0,3,0,0,0,0,0,1,0,1,0,0,0,0,0,0,0,0,0,0,0,1,0,5,0,2,0,0,0,0,4,1,1,2,0,3,0,0,0,0,0,0,0,0,1,0,0,0,2,0,3,0,0,0,3,0,1,2,0,0,3,0,0,1,0,0,3,0,0,0,0,0,0,0,0,0,0,0,0,0,0,0,0,0,0,0,0,0,0,4,1,0,0,0,0,0,0,1,0,0,0,1,0,0,2,0,0,0,0,0,0,0,0,0,0,0,0,0,0,1,0,1,1,0,0,0,0,0,2,0,0
CO,0,0,0,0,5,0,0,0,0,0,11,0,1,0,0,0,2,0,0,2,0,0,0,3,1,0,0,2,1,0,2,3,15,0,1,1,1,1,0,6,14,0,9,0,12,0,0,2,0,0,0,0,0,1,0,2,0,3,1,0,0,0,1,11,0,0,2,0,0,0,0,0,0,0,0,2,1,1,0,0,0,0,0,0,0,0,0,0,0,0,0,0,1,0,0,0,0,0,16,0,0,4,1,0,0,0,0,0,4,3,1,0,0,5,0,2,1,1,0,0,0,0,0,0,0,2,0,2,0,1,1,3,1,0,1,0,0,2,0,0
CR,0,0,0,2,3,0,0,0,0,0,4,0,1,0,0,0,3,0,0,0,0,0,0,3,0,0,2,0,1,0,0,1,7,0,1,0,1,0,0,2,8,0,2,0,3,0,0,1,0,0,0,1,0,0,0,1,0,0,1,0,0,0,0,2,0,0,0,0,0,0,0,0,0,0,0,0,0,0,0,0,0,0,0,0,0,0,0,0,0,0,0,1,0,0,0,0,0,0,4,2,0,1,0,0,0,0,1,0,3,1,0,0,0,1,0,3,1,0,0,0,0,0,0,0,0,0,0,0,0,0,1,1,1,0,0,0,0,0,0,0
CU,0,0,0,0,0,0,0,0,0,0,0,0,0,0,0,0,1,0,0,0,0,0,0,1,0,0,1,1,0,0,0,0,1,0,0,0,0,0,0,0,1,0,1,0,0,0,0,0,0,0,0,0,0,0,0,0,0,0,0,0,0,0,0,1,0,0,0,0,0,0,0,0,0,0,0,0,0,0,0,0,0,0,0,0,0,0,0,0,0,0,0,0,0,0,0,0,0,0,0,0,0,1,0,0,0,0,0,0,1,1,0,0,0,0,0,0,0,0,0,0,0,0,0,0,0,0,0,0,0,0,1,0,1,0,0,0,0,0,0,0
CV,0,0,0,0,1,0,0,0,0,0,4,0,1,0,0,0,1,0,0,0,0,0,0,0,1,0,0,0,0,0,1,0,3,0,0,0,0,1,0,1,7,0,1,0,7,0,0,1,0,1,0,0,0,1,0,0,0,1,0,0,0,0,0,4,0,0,2,0,0,0,0,0,0,0,0,0,0,0,0,2,0,0,0,0,0,0,0,0,0,0,0,0,0,1,0,0,2,0,3,3,0,0,0,0,0,0,0,0,5,1,0,0,0,1,0,1,0,0,1,0,0,0,0,0,0,0,0,0,0,0,0,0,0,0,0,0,0,3,0,0
CY,0,10,7,1,153,2,0,2,7,1,276,2,83,0,1,1,1,1,1,2,0,8,2,0,1,1,2,0,0,1,0,76,365,0,104,0,0,70,5,417,389,4,148,6,290,0,11,3,0,0,0,0,0,52,1,57,1,144,53,1,1,0,22,380,2,2,8,0,0,1,1,2,0,1,0,55,95,43,0,6,17,7,1,0,16,0,1,37,1,0,1,0,0,1,0,0,5,0,243,118,4,1,0,0,0,1,114,0,171,128,56,2,1,128,0,96,40,0,4,0,0,0,1,1,14,65,0,1,21,2,48,7,0,0,0,0,3,12,3,0
CZ,0,13,8,1,284,2,0,2,8,1,407,1,86,0,0,1,0,1,3,0,0,26,2,1,0,0,3,1,0,0,76,0,604,0,183,0,1,95,1,295,489,1,231,4,474,0,14,2,1,0,0,0,0,65,0,139,0,159,68,1,0,0,30,520,0,2,9,0,0,0,0,4,0,0,0,85,54,75,0,5,22,4,0,0,14,1,0,32,0,0,1,0,0,0,1,0,1,1,396,167,2,2,0,0,2,1,231,0,227,147,52,1,0,235,0,140,108,0,2,1,0,0,0,3,8,86,1,3,52,2,59,12,0,1,0,2,3,13,4,0
DE,1,21,12,5,1120,9,1,2,24,8,1867,9,270,1,5,2,10,3,15,10,2,89,6,5,12,5,15,7,1,3,365,604,0,1,837,4,3,308,13,1338,2451,15,877,12,2188,9,30,31,8,0,3,2,0,217,1,357,0,712,265,7,2,1,75,2451,5,8,44,1,2,10,1,10,2,2,0,270,239,178,1,28,41,14,2,1,42,3,1,76,3,1,2,1,1,12,1,1,21,1,1940,764,10,8,3,1,5,5,810,2,933,479,214,9,0,1023,1,452,229,2,18,0,1,1,1,10,31,314,0,14,151,26,271,85,1,2,1,5,8,76,7,2
DJ,0,0,0,0,0,0,0,0,0,0,1,0,0,0,0,0,0,0,0,0,0,0,0,0,0,0,0,0,0,0,0,0,1,0,0,1,0,0,0,0,1,0,0,0,0,0,0,1,0,0,0,0,0,0,0,0,0,0,0,0,0,0,0,1,0,0,1,0,0,0,0,0,0,0,0,0,0,0,0,0,0,0,0,0,0,1,0,0,0,0,0,0,0,0,0,0,0,0,1,0,0,0,0,0,0,0,0,0,0,0,0,0,0,0,0,0,0,0,1,0,0,1,0,0,1,0,0,0,0,0,0,0,0,0,0,0,0,0,0,0
DK,0,10,5,2,335,3,0,2,9,2,594,3,109,2,1,1,3,1,3,3,0,28,2,0,2,2,1,1,0,0,104,183,837,0,0,0,0,131,3,409,744,2,276,9,615,0,11,9,9,0,0,0,0,78,0,124,0,241,93,3,0,1,38,714,1,1,11,0,0,2,0,6,1,0,0,87,71,87,0,7,9,5,1,0,11,1,1,28,2,0,2,0,1,3,1,1,5,1,612,333,6,1,0,0,1,3,266,0,360,163,66,3,1,366,0,150,74,0,5,1,1,0,1,4,11,108,0,4,38,3,94,32,0,1,0,2,4,29,3,1
DZ,0,0,0,0,1,0,0,0,0,0,2,0,0,0,0,0,0,0,0,0,0,0,0,0,1,0,1,0,0,0,0,0,4,1,0,0,0,0,1,2,2,0,1,0,2,0,0,2,0,0,0,0,0,0,0,0,0,0,0,0,0,0,0,4,0,0,2,0,0,0,0,1,0,0,0,0,1,0,1,2,0,0,0,0,0,1,1,0,0,0,0,0,0,0,0,0,0,0,3,0,0,1,0,0,0,0,0,0,2,2,0,0,0,0,0,0,0,0,2,0,0,1,0,0,3,1,0,1,0,0,0,0,0,0,0,0,0,3,0,0
EC,0,0,0,0,0,0,0,0,0,0,3,0,0,0,0,0,2,0,0,0,0,0,0,1,0,0,1,1,0,0,0,1,3,0,0,0,0,0,0,0,3,0,1,0,3,0,0,0,0,0,0,0,0,1,0,0,0,0,1,0,0,0,0,1,0,0,0,0,0,0,0,0,0,0,0,0,0,0,0,0,0,0,0,0,0,0,0,0,0,0,0,0,1,0,0,0,0,0,1,0,0,1,1,0,0,0,0,0,1,0,0,0,0,1,0,0,0,1,0,0,0,0,0,0,0,0,0,0,0,0,0,1,0,0,1,0,0,1,0,0
EE,0,8,6,1,142,1,0,2,5,1,240,0,67,0,0,1,0,0,0,1,0,6,0,0,0,0,1,0,0,1,70,95,308,0,131,0,0,0,2,182,282,0,180,6,212,0,14,1,2,0,0,0,0,49,1,67,0,128,47,0,0,0,32,297,0,0,1,0,0,0,1,0,0,0,0,78,41,70,0,2,17,7,0,0,10,0,0,30,0,0,0,0,0,0,0,0,2,0,230,119,2,0,0,0,0,0,122,0,139,117,33,0,0,133,0,88,56,0,0,0,0,0,0,3,7,58,0,0,24,0,32,2,0,1,0,0,3,7,1,0
EG,0,0,0,1,6,0,0,0,1,1,9,2,2,0,0,0,0,0,0,1,0,2,1,0,1,0,0,0,0,0,5,1,13,0,3,1,0,2,0,11,10,1,3,1,12,0,1,4,0,0,0,0,0,5,0,3,0,3,4,0,0,0,1,14,1,0,3,0,0,0,0,0,0,0,0,1,2,1,0,4,0,0,0,0,0,0,1,2,0,0,1,0,0,1,0,0,3,0,11,1,0,0,0,0,0,0,3,0,7,5,2,1,1,3,0,2,5,0,4,0,0,0,1,0,5,9,0,2,0,3,2,0,0,0,0,0,0,3,1,0
EL,1,18,14,5,558,2,0,2,17,4,1013,2,204,1,1,1,4,1,10,2,0,30,2,2,5,4,6,2,0,1,417,295,1338,0,409,2,0,182,11,0,1350,7,474,9,1057,1,22,10,1,0,0,0,0,142,0,195,1,442,141,4,2,0,49,1310,3,5,22,1,0,5,1,8,1,3,0,177,189,125,1,17,38,8,1,1,32,1,1,69,2,0,0,0,0,2,1,0,8,0,905,385,7,4,2,1,1,2,443,1,579,346,155,2,0,469,0,301,146,1,8,0,1,0,0,3,26,202,0,2,79,4,142,23,0,2,0,1,8,29,3,2
ES,0,26,11,9,910,5,2,2,25,5,1750,4,249,1,1,2,7,1,14,10,2,72,7,7,5,1,14,8,1,7,389,489,2451,1,744,2,3,282,10,1350,0,8,762,10,1924,3,24,16,4,1,2,1,0,221,1,320,1,701,221,3,0,1,67,2292,4,3,28,1,0,4,1,13,2,3,0,238,236,179,0,21,36,13,4,0,36,4,1,80,2,0,2,2,1,11,1,1,12,1,1596,676,8,5,1,0,2,4,743,2,984,467,209,5,1,841,0,454,199,0,14,0,1,1,1,7,32,313,0,9,126,15,238,60,1,2,0,3,6,57,5,1
ET,0,0,0,0,2,0,0,0,0,1,7,1,2,0,2,0,0,1,0,1,0,3,1,0,1,1,0,0,0,0,4,1,15,0,2,0,0,0,1,7,8,0,3,0,10,1,1,1,0,0,0,0,0,1,0,0,0,4,0,1,0,0,0,9,0,0,7,0,0,0,0,0,1,0,0,1,0,0,0,0,0,0,1,0,1,0,0,0,1,0,1,0,0,3,0,0,5,0,10,9,0,0,0,0,0,0,4,0,1,1,2,3,0,9,0,1,1,0,6,0,0,0,1,0,2,1,0,3,2,8,4,3,0,0,0,0,0,9,2,0
FI,0,6,2,1,364,2,0,0,9,3,626,5,114,0,0,1,3,0,5,6,0,28,1,3,3,2,9,2,1,1,148,231,877,0,276,1,1,180,3,474,762,3,0,7,691,0,12,5,6,0,0,0,0,93,0,138,1,269,62,4,0,0,39,746,0,2,15,0,0,1,0,5,1,1,0,121,103,105,0,3,17,3,1,0,11,1,0,35,1,0,0,1,0,0,1,0,0,0,629,314,6,3,0,1,2,0,317,0,360,198,66,1,0,421,0,172,99,0,6,0,0,0,0,3,12,111,1,8,56,6,107,28,1,0,0,2,5,22,2,0
FO,0,2,1,0,2,0,0,0,1,0,7,0,5,0,0,0,0,0,0,0,0,2,0,0,0,0,0,0,0,0,6,4,12,0,9,0,0,6,1,9,10,0,7,0,9,0,1,0,1,0,0,0,0,4,0,4,0,10,4,0,0,0,10,10,0,0,0,0,0,0,1,0,0,0,0,7,1,4,0,1,2,1,0,0,1,0,0,5,0,0,0,0,0,0,0,0,0,0,7,7,0,0,0,0,0,0,5,0,12,5,2,0,0,6,0,4,5,0,0,0,0,0,0,0,4,6,0,0,1,0,1,0,0,0,0,0,1,1,0,0
FR,0,16,8,4,776,6,0,2,21,3,1512,8,187,2,6,1,6,2,18,10,2,74,9,2,9,3,12,3,0,7,290,474,2188,0,615,2,3,212,12,1057,1924,10,691,9,0,3,23,16,8,1,2,1,0,161,1,285,1,570,181,2,1,0,64,1922,3,4,32,0,3,7,1,10,0,0,0,186,184,153,1,20,31,11,5,0,26,3,1,63,2,0,2,1,1,4,1,0,11,1,1452,573,7,4,3,0,1,3,613,1,771,384,155,2,0,775,0,346,170,1,20,0,0,0,0,6,32,256,0,5,113,16,221,60,0,1,1,3,5,57,4,1
GA,0,0,0,0,1,0,0,0,0,0,0,1,0,0,2,0,0,0,0,2,1,0,1,0,3,0,0,0,0,0,0,0,9,0,0,0,0,0,0,1,3,1,0,0,3,0,0,3,0,0,0,0,0,0,0,0,0,0,1,0,0,0,0,3,0,0,1,0,0,0,0,0,0,0,0,1,0,0,0,0,0,0,0,0,0,1,0,0,0,0,0,0,0,3,0,0,4,0,5,0,0,0,0,0,0,0,0,0,0,0,1,0,0,0,0,0,0,1,0,0,0,0,0,0,0,0,0,1,0,2,1,1,0,0,0,0,0,1,0,0
GE,0,5,6,0,16,0,0,2,3,0,22,0,11,0,0,0,0,0,0,0,0,1,0,0,0,0,0,0,0,0,11,14,30,0,11,0,0,14,1,22,24,1,12,1,23,0,0,0,0,0,0,0,0,9,0,9,0,11,7,0,0,0,7,27,0,0,1,0,0,0,0,0,0,0,0,16,6,15,0,3,13,4,0,0,6,0,0,3,0,0,0,0,0,0,0,0,0,0,17,13,1,0,0,0,0,0,19,1,18,14,11,0,0,15,0,9,13,0,0,0,0,0,0,0,2,16,0,0,11,0,6,0,0,1,0,0,0,2,0,0
GH,0,0,0,0,2,0,0,0,0,0,20,9,2,0,4,0,1,1,1,2,0,0,4,0,3,0,2,1,0,1,3,2,31,1,9,2,0,1,4,10,16,1,5,0,16,3,0,0,0,1,0,0,0,1,0,1,0,0,1,1,0,0,0,21,0,0,21,0,0,0,0,1,0,0,0,1,1,1,0,4,0,0,2,0,0,2,1,0,0,0,2,0,0,3,0,1,9,0,25,6,0,1,0,0,2,0,1,0,6,3,5,3,1,6,0,2,4,1,8,0,0,1,1,0,3,3,0,8,3,9,7,3,0,0,0,1,0,16,5,1
GL,0,0,0,0,2,0,0,0,0,0,6,0,1,0,0,0,0,0,1,0,0,0,0,0,0,0,0,0,0,0,0,1,8,0,9,0,0,2,0,1,4,0,6,1,8,0,0,0,0,0,0,0,0,1,0,0,0,3,0,0,0,0,4,3,0,0,0,0,0,0,0,0,0,0,0,0,0,0,0,0,0,0,0,0,0,0,0,0,0,0,0,0,0,0,0,0,0,0,4,10,0,0,0,0,0,0,2,0,4,1,0,0,0,5,0,2,1,0,0,0,0,0,0,0,0,2,0,0,1,0,1,1,0,0,0,0,0,0,0,0
GM,0,0,0,0,0,0,0,0,0,0,1,0,0,0,0,0,0,0,0,0,0,0,0,0,0,0,0,0,0,1,0,0,0,0,0,0,0,0,0,0,1,0,0,0,1,0,0,1,0,0,0,0,0,0,0,0,0,0,0,0,0,0,0,0,0,0,1,0,0,0,0,0,0,0,0,0,0,0,0,0,0,0,0,0,0,0,0,0,0,0,0,0,0,0,0,0,0,0,0,0,0,0,0,0,0,0,0,0,1,0,0,0,0,0,0,0,0,0,1,0,0,0,0,0,0,0,0,0,0,0,0,0,0,0,0,0,0,0,0,0
GN,0,0,0,0,2,0,0,0,0,0,3,0,0,0,0,0,0,0,0,2,0,0,1,0,0,0,0,0,0,0,0,0,3,0,0,0,0,0,0,0,2,0,0,0,2,0,0,0,0,0,0,0,0,0,0,1,0,1,0,0,0,0,0,0,0,0,0,0,1,0,0,0,0,0,0,0,0,0,0,0,0,0,0,0,0,1,0,0,0,0,0,0,0,0,0,0,0,0,1,1,0,0,0,0,0,0,1,0,0,0,0,0,0,0,0,0,0,0,1,0,0,0,0,1,0,0,0,0,0,0,0,1,0,0,0,0,0,0,0,0
GT,0,0,0,0,1,0,0,0,0,0,0,0,0,0,0,0,0,0,0,0,0,0,0,0,0,0,0,1,0,0,0,0,2,0,0,0,0,0,0,0,1,0,0,0,1,0,0,0,0,0,0,0,0,0,0,0,0,0,0,0,0,0,0,1,0,0,0,0,0,0,0,0,0,0,0,0,0,0,0,0,0,0,0,0,0,0,0,0,0,0,0,0,0,0,0,0,0,0,2,1,0,0,0,0,0,0,0,0,0,0,0,0,0,1,0,1,1,0,0,0,0,0,0,0,0,0,0,0,0,0,0,0,0,0,0,0,0,0,0,0
GW,0,0,0,0,0,0,0,0,0,0,0,0,0,0,0,0,0,0,0,0,0,0,0,0,0,0,0,0,0,0,0,0,0,0,0,0,0,0,0,0,0,0,0,0,0,0,0,0,0,0,0,0,0,0,0,0,0,0,0,0,0,0,0,0,0,0,0,0,0,0,0,0,0,0,0,0,0,0,0,0,0,0,0,0,0,0,0,0,0,0,0,0,0,1,0,0,0,0,0,0,0,0,0,0,0,0,0,0,1,0,0,0,0,0,0,0,0,0,0,0,0,0,0,0,0,0,0,0,0,0,0,0,0,0,0,0,0,0,0,0
HR,0,13,5,2,128,0,0,2,16,0,163,1,70,0,0,1,0,0,1,1,0,7,1,0,1,1,1,0,0,1,52,65,217,0,78,0,1,49,5,142,221,1,93,4,161,0,9,1,1,0,0,0,0,0,0,67,0,89,28,0,0,0,23,217,1,0,4,0,0,2,0,1,0,0,0,42,32,45,0,5,13,11,0,0,20,0,1,24,0,0,1,0,0,2,0,0,3,0,155,60,0,0,0,0,0,1,92,0,127,94,56,2,1,96,0,102,48,0,1,0,0,0,1,2,8,38,0,1,27,2,22,3,0,0,0,1,1,7,2,0
HT,0,0,0,0,0,0,0,0,0,0,1,0,0,0,0,0,0,0,0,0,0,1,0,0,0,0,0,0,0,0,1,0,1,0,0,0,0,1,0,0,1,0,0,0,1,0,0,0,0,0,0,0,0,0,0,0,0,0,1,0,0,0,0,1,0,0,0,0,0,0,0,0,0,0,0,0,0,0,0,0,0,0,0,0,0,0,0,0,0,0,0,0,0,0,0,0,1,0,1,1,0,0,0,0,0,0,0,0,0,0,0,0,0,0,0,0,0,0,0,0,0,0,0,1,0,0,0,0,0,0,1,0,0,0,0,0,0,1,0,0
HU,0,11,7,3,186,3,1,2,9,2,279,2,74,0,0,2,1,0,2,3,0,15,1,0,0,0,2,1,0,0,57,139,357,0,124,0,0,67,3,195,320,0,138,4,285,0,9,1,0,0,1,0,0,67,0,0,0,125,44,1,0,0,30,324,0,2,5,0,1,1,0,1,0,0,0,64,48,49,0,3,14,7,0,0,10,1,1,24,0,0,1,0,0,1,1,0,1,0,265,104,4,0,0,1,0,1,163,0,161,122,50,1,1,168,0,113,85,0,3,0,0,0,1,2,9,60,0,2,34,2,39,7,0,0,0,0,1,10,2,0
ID,0,0,0,0,0,0,0,0,0,0,0,0,0,0,0,0,0,0,0,0,0,0,0,0,0,0,0,0,0,0,1,0,0,0,0,0,0,0,0,1,1,0,1,0,1,0,0,0,0,0,0,0,0,0,0,0,0,0,0,0,0,0,0,1,0,0,0,0,0,0,0,1,0,0,0,0,0,0,0,0,0,0,0,0,0,0,0,0,0,0,0,0,0,0,0,0,0,0,0,0,0,0,0,0,0,0,0,0,1,0,0,0,0,0,0,0,0,0,0,0,0,0,0,0,1,0,0,0,0,0,0,0,0,0,0,0,0,0,0,0
IE,0,11,5,2,265,2,0,2,8,3,547,1,112,0,0,1,2,0,3,2,0,20,1,0,0,2,3,0,0,1,144,159,712,0,241,0,0,128,3,442,701,4,269,10,570,0,11,0,3,0,1,0,0,89,0,125,0,0,78,1,0,0,37,663,1,2,6,0,0,4,0,1,0,1,0,98,80,80,0,5,20,8,2,0,12,1,0,44,0,0,0,0,0,0,1,0,0,1,492,231,6,1,0,0,0,1,222,0,345,192,87,1,0,236,1,154,89,0,1,0,0,0,0,1,6,103,0,3,49,2,71,15,0,0,0,1,3,18,0,0
IL,0,7,5,3,100,2,0,2,3,1,169,1,37,0,0,1,1,0,1,0,0,10,0,0,1,0,1,1,0,0,53,68,265,0,93,0,1,47,4,141,221,0,62,4,181,1,7,1,0,0,0,0,0,28,1,44,0,78,0,1,0,0,17,230,1,0,1,0,0,0,1,0,0,0,0,39,27,27,0,4,12,4,0,0,6,1,0,19,1,0,0,0,0,0,1,0,2,0,168,62,1,0,0,0,0,0,76,0,103,61,18,0,0,82,0,44,25,1,1,0,0,0,0,1,5,44,1,0,7,0,25,11,0,0,0,0,1,8,0,0
IN,0,0,0,0,4,0,0,0,0,0,3,0,0,0,0,0,3,0,1,0,0,1,0,0,0,3,0,0,0,0,1,1,7,0,3,0,0,0,0,4,3,1,4,0,2,0,0,1,0,0,0,0,0,0,0,1,0,1,1,0,0,0,0,5,0,0,4,0,0,1,0,0,1,0,0,1,2,0,0,1,0,0,0,0,0,0,0,0,0,0,0,0,0,1,0,0,1,0,7,3,0,0,0,0,2,1,2,1,1,0,0,0,0,4,0,0,0,0,0,0,0,0,0,0,0,0,1,0,2,1,3,3,0,0,0,1,0,2,0,0
IQ,1,0,0,0,1,0,0,0,1,0,0,0,0,0,0,0,0,0,1,0,0,0,0,0,0,0,0,0,0,0,1,0,2,0,0,0,0,0,0,2,0,0,0,0,1,0,0,0,0,0,0,0,0,0,0,0,0,0,0,0,0,0,0,0,1,0,0,0,0,0,0,0,0,0,0,0,0,0,0,1,0,0,0,0,0,0,0,1,0,0,0,0,0,0,0,0,1,0,1,0,0,0,0,0,0,0,1,0,1,0,1,0,0,2,0,1,0,0,0,0,0,0,0,0,1,2,0,0,0,0,0,0,0,0,0,0,1,0,0,0
IR,0,0,0,0,1,0,0,0,0,0,1,0,0,0,0,0,0,0,0,0,0,0,0,0,0,0,0,0,0,0,0,0,1,0,1,0,0,0,0,0,1,0,0,0,0,0,0,0,0,0,0,0,0,0,0,0,0,0,0,0,0,0,0,0,0,0,0,0,0,0,0,0,0,0,0,0,0,0,0,0,0,0,0,0,0,0,0,0,0,0,0,0,0,0,0,0,0,0,0,0,0,0,0,0,0,0,0,0,0,0,0,0,0,0,0,0,0,0,0,0,0,0,0,0,0,0,0,0,0,0,0,0,0,0,0,0,0,0,0,0
IS,0,5,4,0,35,0,0,0,3,0,59,0,22,0,0,0,0,0,3,0,0,2,0,0,0,0,1,0,0,0,22,30,75,0,38,0,0,32,1,49,67,0,39,10,64,0,7,0,4,0,0,0,0,23,0,30,0,37,17,0,0,0,0,76,0,0,1,0,0,0,1,0,0,0,0,30,11,22,0,2,6,2,0,0,4,0,0,13,0,0,0,0,0,0,0,0,0,0,58,56,1,0,0,0,0,0,38,0,52,30,11,0,0,39,0,24,23,0,0,0,0,0,0,0,7,28,0,0,11,0,9,3,0,0,0,0,1,2,0,0
IT,0,28,14,8,944,5,1,2,24,7,1708,6,259,0,3,2,7,2,13,5,1,72,5,4,8,3,11,2,1,4,380,520,2451,1,714,4,1,297,14,1310,2292,9,746,10,1922,3,27,21,3,0,0,1,0,217,1,324,1,663,230,5,0,0,76,0,4,5,40,0,0,3,1,10,1,3,0,245,211,180,1,26,38,16,2,1,42,3,2,88,3,0,1,0,0,7,1,0,16,1,1626,638,14,4,0,1,4,5,742,1,914,495,206,6,1,862,0,451,206,1,15,1,0,1,1,6,37,324,1,8,128,16,244,63,1,2,0,4,7,53,5,2
JO,1,0,0,0,0,0,0,0,0,0,1,0,1,0,0,0,0,0,1,0,0,0,0,0,0,0,0,0,0,0,2,0,5,0,1,0,0,0,1,3,4,0,0,0,3,0,0,0,0,0,0,0,0,1,0,0,0,1,1,0,1,0,0,4,0,0,0,0,0,0,0,0,0,0,0,1,0,0,0,3,0,0,0,0,0,0,0,1,0,0,0,0,0,0,0,0,1,0,1,0,0,0,0,0,0,0,1,0,1,0,0,0,0,1,0,0,0,0,0,0,0,0,0,0,2,2,0,0,0,0,0,0,0,0,0,0,0,0,0,0
JP,0,0,0,1,3,1,0,0,0,0,5,0,0,0,0,0,0,0,1,0,0,0,0,0,0,1,0,0,0,0,2,2,8,0,1,0,0,0,0,5,3,0,2,0,4,0,0,0,0,0,0,0,0,0,0,2,0,2,0,0,0,0,0,5,0,0,0,0,0,3,0,0,0,0,0,1,0,0,0,0,0,0,0,0,0,0,0,0,0,0,0,0,0,0,0,0,0,0,6,2,0,0,0,0,0,0,2,0,0,0,1,0,0,4,0,0,1,0,0,0,0,0,0,0,0,0,0,0,0,0,2,2,0,0,0,0,0,1,0,0
KE,0,1,0,0,10,1,0,0,0,1,36,5,6,1,4,0,2,1,2,5,0,2,9,0,6,2,2,0,0,2,8,9,44,1,11,2,0,1,3,22,28,7,15,0,32,1,1,21,0,1,0,0,0,4,0,5,0,6,1,4,0,0,1,40,0,0,0,0,0,1,0,0,1,0,0,2,2,1,0,4,0,0,3,0,0,2,1,3,3,0,5,0,0,3,0,1,15,0,40,8,1,1,0,0,1,0,8,0,9,5,7,8,1,15,0,7,5,1,13,0,0,1,2,0,6,4,0,13,3,18,10,4,0,0,0,2,0,25,7,2
KG,0,0,0,0,0,0,0,0,0,0,2,0,0,0,0,0,0,0,1,0,0,0,0,0,0,0,0,0,0,0,0,0,1,0,0,0,0,0,0,1,1,0,0,0,0,0,0,0,0,0,0,0,0,0,0,0,0,0,0,0,0,0,0,0,0,0,0,0,0,0,0,0,1,0,0,0,0,0,0,0,0,0,0,0,0,0,0,0,0,0,0,0,0,0,0,0,0,0,2,0,0,0,0,0,0,1,0,0,0,1,1,0,0,0,0,0,0,0,0,0,0,0,0,0,0,0,0,0,0,1,0,0,0,0,0,0,0,0,0,0
KH,0,0,0,0,0,0,0,0,0,0,2,0,1,0,0,0,0,0,0,0,0,0,0,0,0,0,0,0,0,0,0,0,2,0,0,0,0,0,0,0,0,0,0,0,3,0,0,0,0,0,1,0,0,0,0,1,0,0,0,0,0,0,0,0,0,0,0,0,0,1,0,0,0,0,0,0,0,0,0,0,0,0,0,0,0,0,0,0,0,0,0,0,0,0,0,0,0,0,0,1,0,0,0,0,0,0,0,0,0,0,0,0,0,1,0,0,0,0,0,0,0,0,0,1,0,1,0,0,0,0,0,1,0,0,0,0,0,0,0,0
KR,0,0,0,0,2,0,0,0,0,0,7,0,2,0,0,0,0,0,1,0,0,1,0,0,0,3,0,0,0,0,1,0,10,0,2,0,0,0,0,5,4,0,1,0,7,0,0,0,0,0,0,0,0,2,0,1,0,4,0,1,0,0,0,3,0,3,1,0,1,0,0,0,0,0,0,3,0,0,0,0,0,0,0,0,0,0,0,0,0,0,0,0,0,0,0,0,0,0,7,2,0,0,0,0,0,0,2,0,2,0,1,0,0,4,0,0,0,0,0,0,0,0,0,0,0,2,0,0,0,0,3,3,0,0,0,0,0,3,0,0
KZ,0,0,0,0,0,0,0,0,0,0,1,0,1,0,0,0,0,0,0,0,0,0,0,0,0,0,0,0,0,0,1,0,1,0,0,0,0,1,0,1,1,0,0,1,1,0,0,0,0,0,0,0,0,0,0,0,0,0,1,0,0,0,1,1,0,0,0,0,0,0,0,0,0,0,0,1,0,0,0,0,0,0,0,0,0,0,0,1,0,0,0,0,0,0,0,0,0,0,0,0,0,0,0,0,0,0,1,0,1,0,0,0,0,0,0,0,1,0,0,0,0,0,0,0,0,1,0,0,0,0,0,0,0,0,0,0,1,0,0,0
LB,0,0,0,0,5,1,0,0,0,0,7,0,2,0,0,0,0,0,0,0,0,1,0,0,0,0,0,0,0,0,2,4,10,0,6,1,0,0,0,8,13,0,5,0,10,0,0,1,0,0,0,0,0,1,0,1,1,1,0,0,0,0,0,10,0,0,0,0,0,0,0,0,0,0,0,1,0,0,1,1,0,0,0,0,0,0,1,0,0,0,0,0,0,0,0,0,0,0,6,2,0,0,0,0,0,0,3,0,6,1,2,1,0,2,0,2,2,0,0,0,0,0,0,1,5,2,0,0,1,1,1,0,0,0,0,0,0,4,0,0
LK,0,0,0,0,0,0,0,0,0,0,2,0,0,0,0,0,0,0,0,0,0,0,0,0,0,1,0,0,0,0,0,0,2,0,1,0,0,0,0,1,2,1,1,0,0,0,0,0,0,0,0,0,0,0,0,0,0,0,0,1,0,0,0,1,0,0,1,1,0,0,0,0,0,0,0,0,0,0,0,0,0,0,0,0,0,0,0,0,0,0,0,0,0,0,0,0,0,0,1,1,0,0,0,0,0,0,0,0,0,0,1,0,0,1,0,0,0,0,0,0,0,0,0,0,0,0,0,0,1,0,0,1,0,0,0,0,0,0,0,0
LR,0,0,0,0,0,0,0,0,0,0,0,0,0,0,0,0,0,0,0,0,0,0,0,0,0,0,0,0,0,0,1,0,2,0,0,0,0,0,0,3,3,0,1,0,0,0,0,0,0,0,0,0,0,0,0,0,0,1,0,0,0,0,0,3,0,0,0,0,0,0,0,0,0,0,0,0,0,0,0,0,0,0,0,0,0,0,0,1,0,0,0,0,0,0,0,0,0,0,1,1,0,0,0,0,0,0,0,0,2,0,0,0,0,0,0,0,0,0,0,0,0,0,0,0,0,0,0,0,0,0,2,0,0,0,0,0,0,0,0,0
LS,0,0,0,0,0,0,0,0,0,0,0,0,0,0,0,0,0,1,0,0,0,0,0,0,0,0,0,0,0,0,0,0,0,0,0,0,0,0,0,0,0,0,0,0,0,0,0,0,0,0,0,0,0,0,0,0,0,0,0,0,0,0,0,0,0,0,0,0,0,0,0,0,0,0,0,0,0,0,0,0,0,0,0,0,0,0,0,0,0,0,0,0,0,1,0,0,0,0,0,0,0,0,0,0,0,0,0,0,1,0,0,0,0,0,0,0,0,0,0,0,1,0,0,0,0,0,0,0,0,0,1,0,0,0,0,0,0,0,1,0
LT,0,7,6,0,119,1,0,2,3,0,209,0,54,0,0,1,0,0,2,1,0,6,0,0,1,3,2,0,0,0,55,85,270,0,87,0,0,78,1,177,238,1,121,7,186,1,16,1,0,0,0,0,0,42,0,64,0,98,39,1,0,0,30,245,1,1,2,0,0,3,1,1,0,0,0,0,34,73,0,5,16,4,0,0,13,0,0,22,0,0,0,0,0,0,0,0,1,0,180,81,4,0,0,0,0,0,127,0,118,92,44,0,0,110,0,72,69,1,0,0,0,0,0,0,10,63,0,0,32,0,29,4,0,1,0,0,1,7,0,0
LU,0,8,4,0,99,0,0,2,5,0,175,0,45,0,0,1,1,0,2,0,0,10,0,0,0,0,1,0,0,0,95,54,239,0,71,1,0,41,2,189,236,0,103,1,184,0,6,1,0,0,0,0,0,32,0,48,0,80,27,2,0,0,11,211,0,0,2,0,0,0,0,0,0,0,0,34,0,34,0,2,13,4,0,0,6,0,0,16,0,0,0,0,0,1,0,0,2,0,146,66,1,1,0,0,1,1,68,1,119,62,28,0,0,77,0,77,30,0,1,0,0,0,0,0,2,38,0,1,13,1,25,11,0,0,0,0,0,4,0,0
LV,0,7,7,0,98,1,0,2,3,1,141,1,38,0,0,1,1,0,0,0,0,3,0,1,0,0,1,0,0,0,43,75,178,0,87,0,0,70,1,125,179,0,105,4,153,0,15,1,0,0,0,0,0,45,0,49,0,80,27,0,0,0,22,180,0,0,1,0,0,0,0,0,0,0,0,73,34,0,0,2,13,5,0,0,7,1,0,21,0,0,0,0,0,0,1,0,0,0,143,65,1,0,0,0,1,0,107,0,103,78,23,0,0,95,0,62,56,0,1,0,0,0,0,0,5,45,0,0,23,0,17,3,0,0,0,0,0,6,0,0
LY,0,0,0,0,0,0,0,0,0,0,0,0,0,0,0,0,0,0,0,0,0,0,0,0,0,0,0,0,0,0,0,0,1,0,0,1,0,0,0,1,0,0,0,0,1,0,0,0,0,0,0,0,0,0,0,0,0,0,0,0,0,0,0,1,0,0,0,0,0,0,0,1,0,0,0,0,0,0,0,1,0,0,0,0,0,0,1,0,0,0,0,0,0,0,0,0,0,0,1,0,0,0,0,0,0,0,0,0,1,0,0,0,0,0,0,0,0,0,0,0,0,0,0,0,1,0,0,0,0,0,0,0,0,0,0,0,0,1,0,0
MA,1,2,1,0,7,0,0,0,0,0,18,2,3,0,1,0,1,0,2,1,0,0,2,0,1,0,0,0,0,2,6,5,28,0,7,2,0,2,4,17,21,0,3,1,20,0,3,4,0,0,0,0,0,5,0,3,0,5,4,1,1,0,2,26,3,0,4,0,0,0,0,1,0,0,0,5,2,2,1,0,1,1,0,0,0,0,2,1,1,0,1,0,0,2,0,0,7,0,15,5,1,0,0,0,1,0,7,0,11,4,4,2,1,8,0,5,4,0,3,0,0,0,1,0,7,12,0,1,3,1,2,0,0,1,0,0,0,6,2,0
MD,0,11,6,0,22,0,0,2,5,0,26,0,19,0,0,0,0,0,0,0,0,0,0,0,0,0,0,0,0,0,17,22,41,0,9,0,0,17,0,38,36,0,17,2,31,0,13,0,0,0,0,0,0,13,0,14,0,20,12,0,0,0,6,38,0,0,0,0,0,0,0,0,0,0,0,16,13,13,0,1,0,6,0,0,10,0,0,6,0,0,0,0,0,0,0,0,0,0,22,11,0,0,0,0,0,0,23,0,22,35,17,0,0,10,0,12,16,0,0,0,0,0,0,0,3,12,0,0,14,0,3,0,0,0,0,0,1,2,0,0
ME,0,5,3,0,8,0,0,2,4,0,12,0,7,0,0,0,0,0,0,0,0,1,0,0,0,0,0,0,0,0,7,4,14,0,5,0,0,7,0,8,13,0,3,1,11,0,4,0,0,0,0,0,0,11,0,7,0,8,4,0,0,0,2,16,0,0,0,0,0,0,0,0,0,0,0,4,4,5,0,1,6,0,0,0,6,0,0,7,0,0,0,0,0,0,0,0,0,0,7,6,0,0,0,0,0,0,6,0,8,9,10,0,0,2,0,8,7,0,0,0,0,0,0,0,1,4,0,0,4,0,2,0,0,0,0,0,1,1,0,0
MG,0,0,0,0,0,0,0,0,0,0,2,1,0,1,0,0,0,0,0,0,0,2,1,0,0,0,0,0,0,0,1,0,2,0,1,0,0,0,0,1,4,1,1,0,5,0,0,2,0,0,0,0,0,0,0,0,0,2,0,0,0,0,0,2,0,0,3,0,0,0,0,0,0,0,0,0,0,0,0,0,0,0,0,0,0,0,0,0,0,0,0,0,0,0,0,1,0,0,3,1,0,0,0,0,0,0,1,0,0,0,1,0,0,0,0,0,1,0,1,0,0,0,0,0,0,0,0,1,0,0,2,0,0,0,0,0,0,4,0,0
MH,0,0,0,0,0,0,0,0,0,0,0,0,0,0,0,0,0,0,0,0,0,0,0,0,0,0,0,0,0,0,0,0,1,0,0,0,0,0,0,1,0,0,0,0,0,0,0,0,0,0,0,0,0,0,0,0,0,0,0,0,0,0,0,1,0,0,0,0,0,0,0,0,0,0,0,0,0,0,0,0,0,0,0,0,0,0,0,0,0,0,0,0,0,0,0,0,0,0,1,0,0,0,0,0,0,0,0,0,0,0,0,0,0,0,0,0,0,0,0,0,0,0,0,0,0,0,0,0,0,0,0,0,0,0,0,0,0,0,0,0
MK,0,8,4,1,21,0,0,2,7,0,33,0,13,0,0,0,0,0,1,0,0,1,0,0,0,0,0,0,0,0,16,14,42,0,11,0,0,10,0,32,36,1,11,1,26,0,6,0,0,0,0,0,0,20,0,10,0,12,6,0,0,0,4,42,0,0,0,0,0,0,0,0,0,0,0,13,6,7,0,0,10,6,0,0,0,0,0,5,0,0,0,0,0,0,0,0,0,0,27,11,0,0,0,0,0,0,26,0,26,17,29,0,0,10,0,23,10,0,0,0,0,0,0,0,1,8,0,0,12,0,4,0,0,0,0,0,1,1,0,0
ML,0,0,0,0,1,1,0,0,0,1,2,5,1,0,1,0,0,0,0,2,0,1,0,0,0,0,0,0,0,0,0,1,3,1,1,1,0,0,0,1,4,0,1,0,3,1,0,2,0,0,1,0,0,0,0,1,0,1,1,0,0,0,0,3,0,0,2,0,0,0,0,0,0,0,0,0,0,1,0,0,0,0,0,0,0,0,0,0,0,0,0,0,0,1,1,0,0,0,5,1,0,0,0,0,0,0,1,0,1,0,1,0,0,2,0,1,1,0,2,0,0,1,0,0,1,0,0,0,0,1,1,0,0,0,0,0,0,1,0,0
MR,0,0,0,0,0,0,0,0,0,0,1,1,0,0,0,0,0,0,0,1,0,0,1,0,0,0,0,0,0,0,1,0,1,0,1,1,0,0,1,1,1,0,0,0,1,0,0,1,0,0,0,0,0,1,0,1,0,0,0,0,0,0,0,2,0,0,1,0,0,0,0,1,0,0,0,0,0,0,1,2,0,0,0,0,0,0,0,0,0,0,1,0,0,1,0,0,1,0,1,0,0,0,0,0,0,0,0,0,1,1,1,1,1,0,0,1,1,0,1,0,0,0,1,0,2,1,0,1,0,1,0,0,0,0,0,0,0,1,1,0
MT,0,7,6,1,36,0,0,2,3,0,56,0,22,0,0,1,0,0,0,0,0,2,0,0,0,0,0,0,0,0,37,32,76,0,28,0,0,30,2,69,80,0,35,5,63,0,3,0,0,0,0,0,0,24,0,24,0,44,19,0,1,0,13,88,1,0,3,0,0,0,1,0,0,1,0,22,16,21,0,1,6,7,0,0,5,0,0,0,0,0,0,0,0,0,0,0,1,0,56,30,0,0,0,0,1,0,39,0,47,29,11,0,0,30,0,27,24,0,0,0,0,0,0,0,9,24,0,1,8,1,6,1,0,0,0,0,3,2,0,0
MU,0,0,0,0,1,0,0,0,0,0,2,0,1,0,0,0,0,0,0,1,0,0,1,0,1,0,0,0,0,0,1,0,3,0,2,0,0,0,0,2,2,1,1,0,2,0,0,0,0,0,0,0,0,0,0,0,0,0,1,0,0,0,0,3,0,0,3,0,0,0,0,0,0,0,0,0,0,0,0,1,0,0,0,0,0,0,0,0,0,0,0,0,0,0,0,0,2,0,2,0,0,0,0,0,0,0,1,0,1,0,0,0,0,1,0,0,0,0,1,0,0,0,0,0,1,0,0,0,0,0,0,0,0,0,0,0,0,3,1,0
MV,0,0,0,0,0,0,0,0,0,0,1,0,0,0,0,0,0,0,0,0,0,0,0,0,0,0,0,0,0,0,0,0,1,0,0,0,0,0,0,0,0,0,0,0,0,0,0,0,0,0,0,0,0,0,0,0,0,0,0,0,0,0,0,0,0,0,0,0,0,0,0,0,0,0,0,0,0,0,0,0,0,0,0,0,0,0,0,0,0,0,0,0,0,0,0,0,0,0,1,0,0,0,0,0,0,0,0,0,0,0,0,0,0,0,0,0,0,0,0,0,0,0,0,0,0,0,0,0,0,0,0,0,0,0,0,0,0,0,0,0
MW,0,0,0,0,1,0,0,0,0,0,2,2,0,0,2,0,0,0,0,1,0,0,1,0,0,0,0,0,0,0,1,1,2,0,2,0,0,0,1,0,2,1,0,0,2,0,0,2,0,0,0,0,0,1,0,1,0,0,0,0,0,0,0,1,0,0,5,0,0,0,0,0,0,0,0,0,0,0,0,1,0,0,0,0,0,0,1,0,0,0,0,0,0,2,0,0,2,0,3,0,0,0,0,0,0,0,0,0,0,1,1,1,1,1,0,1,1,0,1,0,0,0,1,0,1,1,0,3,0,4,1,0,0,0,0,0,0,2,2,0
MX,0,0,0,1,0,0,0,0,0,0,1,0,0,0,0,0,0,0,1,0,0,0,0,1,0,0,0,1,0,0,0,0,1,0,0,0,0,0,0,0,2,0,1,0,1,0,0,0,0,0,0,0,0,0,0,0,0,0,0,0,0,0,0,0,0,0,0,0,0,0,0,0,0,0,0,0,0,0,0,0,0,0,0,0,0,0,0,0,0,0,0,0,0,0,0,0,0,0,2,0,0,0,0,0,0,0,0,0,1,0,0,0,0,0,0,0,0,0,0,0,0,0,0,0,0,0,0,0,0,0,1,0,0,0,0,0,0,1,0,0
MY,0,0,0,0,0,0,0,0,0,0,0,0,0,0,0,0,1,0,0,0,0,0,0,0,0,0,1,0,0,0,0,0,1,0,1,0,1,0,0,0,1,0,0,0,1,0,0,0,0,0,0,0,0,0,0,0,0,0,0,0,0,0,0,0,0,0,0,0,0,0,0,0,0,0,0,0,0,0,0,0,0,0,0,0,0,0,0,0,0,0,0,0,0,0,0,0,0,0,1,1,0,1,1,0,0,0,1,0,1,0,0,0,0,0,0,0,0,1,0,0,0,0,0,0,0,0,0,0,0,0,0,1,0,0,1,0,0,0,0,0
MZ,0,0,0,0,2,0,0,0,0,0,4,2,0,0,1,0,1,1,0,2,0,1,1,0,1,0,0,0,0,1,1,0,12,0,3,0,0,0,1,2,11,3,0,0,4,3,0,3,0,0,0,0,1,2,0,1,0,0,0,1,0,0,0,7,0,0,3,0,0,0,0,0,0,0,1,0,1,0,0,2,0,0,0,0,0,1,1,0,0,0,2,0,0,0,0,0,5,0,7,3,0,0,0,0,1,1,0,1,3,1,2,1,1,2,0,1,1,0,2,0,3,0,1,0,1,1,0,3,0,6,4,0,0,0,0,0,0,4,5,2
NC,0,0,0,0,1,1,0,0,0,1,1,1,1,0,0,0,0,0,0,0,0,1,0,0,0,0,0,0,0,0,0,1,1,0,1,0,0,0,0,1,1,0,1,0,1,0,0,0,0,0,0,0,0,0,0,1,0,1,1,0,0,0,0,1,0,0,0,0,0,0,0,0,0,0,0,0,0,1,0,0,0,0,0,0,0,1,0,0,0,0,0,0,0,0,0,0,0,0,1,1,0,0,0,0,0,0,1,0,1,0,1,0,0,1,0,1,1,0,1,0,0,0,0,0,0,0,0,0,0,0,1,0,0,0,0,0,0,1,0,0
NE,0,0,0,0,0,0,0,0,0,0,0,0,0,0,0,0,0,0,0,0,0,0,0,0,0,0,0,0,0,0,0,0,1,0,1,0,0,0,0,0,1,0,0,0,0,0,0,1,0,0,0,0,0,0,0,0,0,0,0,0,0,0,0,0,0,0,1,0,0,0,0,0,0,0,0,0,0,0,0,0,0,0,1,0,0,0,0,0,0,0,0,0,0,0,0,0,0,0,0,0,0,0,0,0,0,0,0,0,0,0,1,0,0,0,0,0,0,0,1,0,0,0,0,0,0,0,0,0,0,0,0,0,0,0,0,0,0,1,0,0
NG,1,0,0,0,2,0,0,0,0,1,11,3,2,1,3,0,1,0,2,2,0,2,6,0,5,0,0,0,0,2,5,1,21,0,5,0,0,2,3,8,12,5,0,0,11,4,0,9,0,0,0,0,0,3,1,1,0,0,2,1,1,0,0,16,1,0,15,0,0,0,0,0,0,0,0,1,2,0,0,7,0,0,0,0,0,0,1,1,2,0,2,0,0,5,0,0,0,0,20,4,0,0,0,0,1,1,1,1,4,1,4,5,1,6,0,4,1,1,3,0,0,0,1,1,2,3,0,5,0,7,4,2,0,0,0,0,0,12,2,0
NI,0,0,0,0,1,0,0,0,0,0,0,0,0,0,0,0,0,0,0,0,0,0,0,0,0,0,0,0,0,0,0,1,1,0,1,0,0,0,0,0,1,0,0,0,1,0,0,0,0,0,0,0,0,0,0,0,0,1,0,0,0,0,0,1,0,0,0,0,0,0,0,0,0,0,0,0,0,0,0,0,0,0,0,0,0,0,0,0,0,0,0,0,0,0,0,0,0,0,1,0,0,0,0,0,0,0,0,0,0,0,0,0,0,0,0,0,0,0,0,0,0,0,0,0,0,0,0,0,0,1,0,0,0,0,0,1,0,0,0,0
NL,1,16,5,3,731,5,2,2,15,3,1365,10,166,3,4,2,6,1,17,8,1,63,3,0,9,4,16,4,0,3,243,396,1940,1,612,3,1,230,11,905,1596,10,629,7,1452,5,17,25,4,0,1,2,0,155,1,265,0,492,168,7,1,0,58,1626,1,6,40,2,0,7,0,6,1,1,0,180,146,143,1,15,22,7,3,1,27,5,1,56,2,1,3,2,1,7,1,0,20,1,0,550,7,9,2,0,5,2,544,2,637,313,131,6,0,688,0,290,145,2,13,1,1,1,1,5,17,196,1,15,89,20,187,65,0,1,1,5,3,61,8,3
NO,0,7,3,2,281,4,0,0,7,2,538,4,73,1,2,1,5,1,3,6,0,24,1,1,1,1,0,2,0,3,118,167,764,0,333,0,0,119,1,385,676,9,314,7,573,0,13,6,10,0,1,1,0,60,1,104,0,231,62,3,0,0,56,638,0,2,8,0,1,2,0,2,1,1,0,81,66,65,0,5,11,6,1,0,11,1,0,30,0,0,0,0,1,3,1,0,4,0,550,0,7,3,0,1,2,2,238,1,319,139,56,3,0,313,0,134,71,0,2,0,1,0,0,6,8,112,0,9,36,9,111,21,0,1,0,2,2,20,2,0
NZ,0,0,0,0,8,1,0,0,0,0,13,0,2,0,0,0,1,0,0,0,0,0,0,0,0,0,0,0,0,0,4,2,10,0,6,0,0,2,0,7,8,0,6,0,7,0,1,0,0,0,0,0,0,0,0,4,0,6,1,0,0,0,1,14,0,0,1,0,0,0,0,0,0,0,0,4,1,1,0,1,0,0,0,0,0,0,0,0,0,0,0,0,0,0,0,0,0,0,7,7,0,0,0,1,0,0,4,0,6,2,3,0,0,4,0,1,3,0,0,0,0,0,0,0,0,3,0,1,0,2,6,1,0,1,0,0,0,2,0,0
PE,0,0,0,1,3,0,0,0,0,0,5,0,1,0,0,0,2,0,0,0,0,0,0,1,0,0,4,1,1,0,1,2,8,0,1,1,1,0,0,4,5,0,3,0,4,0,0,1,0,0,0,0,0,0,0,0,0,1,0,0,0,0,0,4,0,0,1,0,0,0,0,0,0,0,0,0,1,0,0,0,0,0,0,0,0,0,0,0,0,0,0,0,1,0,0,0,0,0,9,3,0,0,1,0,0,0,2,0,5,2,1,0,0,0,0,2,0,1,0,0,0,0,0,0,0,1,0,3,0,1,2,2,1,0,1,0,0,1,0,0
PF,0,0,0,0,1,0,0,0,0,0,0,0,0,0,0,0,1,0,0,0,0,0,0,0,0,0,1,0,0,0,0,0,3,0,0,0,1,0,0,2,1,0,0,0,3,0,0,0,0,0,0,0,0,0,0,0,0,0,0,0,0,0,0,0,0,0,0,0,0,0,0,0,0,0,0,0,0,0,0,0,0,0,0,0,0,0,0,0,0,0,0,0,1,0,0,0,0,0,2,0,0,1,0,0,0,0,1,0,1,0,0,0,0,0,0,0,0,1,0,0,0,0,0,0,1,0,0,0,0,0,0,1,0,0,1,0,0,0,0,0
PG,0,0,0,0,0,0,0,0,0,0,1,0,0,0,0,0,0,0,0,0,0,0,0,0,0,0,0,0,0,0,0,0,1,0,0,0,0,0,0,1,0,0,1,0,0,0,0,0,0,0,0,0,0,0,0,1,0,0,0,0,0,0,0,1,0,0,0,0,0,0,0,0,0,0,0,0,0,0,0,0,0,0,0,0,0,0,0,0,0,0,0,0,0,0,0,0,0,0,0,1,1,0,0,0,0,0,0,0,0,0,1,0,0,0,0,0,1,0,0,0,0,0,0,0,0,0,0,0,0,0,1,0,0,0,0,0,0,0,0,0
PH,0,0,0,0,2,0,0,0,0,0,2,0,0,0,0,0,2,0,1,0,0,1,0,0,0,0,0,0,0,0,0,2,5,0,1,0,0,0,0,1,2,0,2,0,1,0,0,2,0,0,0,0,0,0,0,0,0,0,0,2,0,0,0,4,0,0,1,0,0,0,0,0,0,0,0,0,1,1,0,1,0,0,0,0,0,0,0,1,0,0,0,0,0,1,0,0,1,0,5,2,0,0,0,0,0,1,1,1,2,0,0,0,0,2,0,0,0,0,0,0,0,0,0,1,0,0,0,0,2,1,2,0,0,0,0,1,0,0,0,0
PK,0,0,0,0,1,0,0,0,0,1,4,0,0,0,0,0,1,0,1,0,0,1,0,0,0,0,0,0,0,0,1,1,5,0,3,0,0,0,0,2,4,0,0,0,3,0,0,0,0,0,0,0,0,1,0,1,0,1,0,1,0,0,0,5,0,0,0,1,0,0,0,0,0,0,0,0,1,0,0,0,0,0,0,0,0,0,0,0,0,0,0,0,0,1,0,0,1,0,2,2,0,0,0,0,1,0,3,1,2,1,0,0,0,2,0,2,0,0,0,0,0,0,0,0,1,2,0,0,0,2,1,0,0,0,0,0,0,1,0,0
PL,1,11,10,3,366,1,0,2,13,2,568,1,121,0,1,1,1,0,6,0,0,19,0,2,0,1,0,1,0,0,114,231,810,0,266,0,0,122,3,443,743,4,317,5,613,0,19,1,2,0,1,0,0,92,0,163,0,222,76,2,1,0,38,742,1,2,8,0,0,2,1,3,0,0,0,127,68,107,0,7,23,6,1,0,26,1,0,39,1,0,0,0,1,0,1,0,1,0,544,238,4,2,1,0,1,3,0,0,348,191,77,3,0,312,0,158,115,0,2,0,0,0,1,2,16,126,0,0,80,1,90,17,0,2,0,0,5,13,1,0
PS,0,0,0,0,0,0,0,0,0,0,1,0,0,0,0,0,1,0,0,0,0,1,0,0,0,0,0,0,0,0,0,0,2,0,0,0,0,0,0,1,2,0,0,0,1,0,1,0,0,0,0,0,0,0,0,0,0,0,0,1,0,0,0,1,0,0,0,0,0,0,0,0,0,0,0,0,1,0,0,0,0,0,0,0,0,0,0,0,0,0,0,0,0,1,0,0,1,0,2,1,0,0,0,0,1,1,0,0,1,0,1,0,0,1,0,0,0,0,0,0,0,0,0,0,0,0,0,0,1,1,1,0,0,0,0,0,0,0,0,0
PT,0,15,8,3,363,5,1,2,10,2,701,1,133,0,0,2,4,1,8,1,0,21,1,3,1,0,4,3,1,5,171,227,933,0,360,2,1,139,7,579,984,1,360,12,771,0,18,6,4,1,0,0,1,127,0,161,1,345,103,1,1,0,52,914,1,0,9,0,0,2,1,6,0,2,1,118,119,103,1,11,22,8,0,0,26,1,1,47,1,0,0,1,1,3,1,0,4,0,637,319,6,5,1,0,2,2,348,1,0,238,89,0,0,354,0,198,107,0,4,0,1,0,0,5,20,154,0,6,57,5,104,15,1,1,0,1,6,23,2,0
RO,0,16,8,0,234,0,1,2,12,1,361,1,129,0,0,2,1,0,1,1,0,13,1,1,1,0,3,1,1,1,128,147,479,0,163,2,0,117,5,346,467,1,198,5,384,0,14,3,1,0,0,0,0,94,0,122,0,192,61,0,0,0,30,495,0,0,5,1,0,0,0,1,0,0,0,92,62,78,0,4,35,9,0,0,17,0,1,29,0,0,1,0,0,1,0,0,1,0,313,139,2,2,0,0,0,1,191,0,238,0,62,1,1,190,0,138,87,0,3,0,0,0,1,3,11,86,0,2,44,2,51,10,1,0,0,1,1,13,1,0
RS,0,14,6,0,86,1,0,2,15,2,155,4,46,0,1,0,1,0,1,1,0,5,1,0,1,1,1,0,0,0,56,52,214,0,66,0,0,33,2,155,209,2,66,2,155,1,11,5,0,0,0,0,0,56,0,50,0,87,18,0,1,0,11,206,0,1,7,1,0,1,0,2,1,0,0,44,28,23,0,4,17,10,1,0,29,1,1,11,0,0,1,0,0,2,1,1,4,0,131,56,3,1,0,1,0,0,77,1,89,62,0,2,1,72,0,74,31,1,6,0,0,0,2,2,11,38,0,2,26,4,18,4,0,0,0,0,2,6,1,0
RW,0,0,0,0,1,0,0,0,0,1,8,1,2,3,1,0,0,0,0,3,0,0,2,0,2,0,0,0,0,0,2,1,9,0,3,0,0,0,1,2,5,3,1,0,2,0,0,3,0,0,0,0,0,2,0,1,0,1,0,0,0,0,0,6,0,0,8,0,0,0,0,1,0,0,0,0,0,0,0,2,0,0,0,0,0,0,1,0,0,0,1,0,0,1,0,0,5,0,6,3,0,0,0,0,0,0,3,0,0,1,2,0,1,3,0,1,1,0,3,0,0,0,2,0,2,1,0,6,0,7,3,0,0,0,0,0,0,5,2,0
SD,0,0,0,0,0,0,0,0,0,0,1,1,0,0,0,0,0,0,0,1,0,0,1,0,0,0,0,0,0,0,1,0,0,0,1,0,0,0,1,0,1,0,0,0,0,0,0,1,0,0,0,0,0,1,0,1,0,0,0,0,0,0,0,1,0,0,1,0,0,0,0,0,0,0,0,0,0,0,0,1,0,0,0,0,0,0,1,0,0,0,1,0,0,1,0,0,1,0,0,0,0,0,0,0,0,0,0,0,0,1,1,1,0,0,0,1,1,0,1,0,0,0,1,0,1,1,0,1,0,1,0,0,0,0,0,0,0,0,1,0
SE,1,4,4,5,390,3,1,0,9,5,661,7,100,0,0,1,1,2,5,6,0,33,2,0,2,2,5,1,0,1,128,235,1023,0,366,0,1,133,3,469,841,9,421,6,775,0,15,6,5,0,0,1,0,96,0,168,0,236,82,4,2,0,39,862,1,4,15,0,1,4,0,2,1,0,0,110,77,95,0,8,10,2,0,0,10,2,0,30,1,0,1,0,0,2,1,0,6,0,688,313,4,0,0,0,2,2,312,1,354,190,72,3,0,0,0,173,93,0,7,0,0,0,0,3,11,116,1,11,64,5,125,38,0,2,0,0,4,23,4,1
SG,0,0,0,0,0,0,0,0,0,0,0,0,0,0,0,0,0,0,0,0,0,0,0,0,0,0,0,0,0,0,0,0,1,0,0,0,0,0,0,0,0,0,0,0,0,0,0,0,0,0,0,0,0,0,0,0,0,1,0,0,0,0,0,0,0,0,0,0,0,0,0,0,0,0,0,0,0,0,0,0,0,0,0,0,0,0,0,0,0,0,0,0,0,0,0,0,0,0,0,0,0,0,0,0,0,0,0,0,0,0,0,0,0,0,0,0,0,0,0,0,0,0,0,0,0,0,0,0,0,0,0,0,0,0,0,0,0,0,0,0
SI,0,13,6,3,230,1,0,2,14,2,348,2,79,0,0,1,1,0,3,2,0,17,1,0,0,0,2,3,0,1,96,140,452,0,150,0,0,88,2,301,454,1,172,4,346,0,9,2,2,0,0,1,0,102,0,113,0,154,44,0,1,0,24,451,0,0,7,0,0,0,0,2,0,0,0,72,77,62,0,5,12,8,0,0,23,1,1,27,0,0,1,0,0,1,1,0,4,0,290,134,1,2,0,0,0,2,158,0,198,138,74,1,1,173,0,0,75,0,2,0,0,0,1,1,5,69,0,3,36,3,38,9,0,0,0,0,3,12,1,0
SK,0,10,9,0,120,1,0,2,6,1,166,2,57,0,0,1,0,0,1,1,0,8,1,0,0,0,1,1,0,0,40,108,229,0,74,0,0,56,5,146,199,1,99,5,170,0,13,4,1,0,0,1,0,48,0,85,0,89,25,0,0,0,23,206,0,1,5,0,0,0,1,2,0,0,0,69,30,56,0,4,16,7,1,0,10,1,1,24,0,0,1,0,0,1,1,0,1,0,145,71,3,0,0,1,0,0,115,0,107,87,31,1,1,93,0,75,0,0,2,0,0,0,1,0,11,42,0,2,38,1,27,2,0,2,0,0,1,6,2,1
SL,0,0,0,0,0,0,0,0,0,0,0,0,0,0,0,0,1,0,0,0,0,0,0,0,1,0,1,0,0,0,0,0,2,0,0,0,1,0,0,1,0,0,0,0,1,1,0,1,0,0,0,0,0,0,0,0,0,0,1,0,0,0,0,1,0,0,1,0,0,0,0,0,0,0,0,1,0,0,0,0,0,0,0,0,0,0,0,0,0,0,0,0,1,0,0,0,1,0,2,0,0,1,1,0,0,0,0,0,0,0,1,0,0,0,0,0,0,0,0,0,0,0,0,0,0,0,0,0,0,0,0,1,0,0,1,0,0,0,0,0
SN,0,0,0,0,4,1,0,0,0,2,11,4,1,0,2,0,1,1,0,3,0,2,5,0,4,0,0,0,0,1,4,2,18,1,5,2,0,0,4,8,14,6,6,0,20,0,0,8,0,1,1,0,0,1,0,3,0,1,1,0,0,0,0,15,0,0,13,0,0,0,0,0,0,0,0,0,1,1,0,3,0,0,1,0,0,2,1,0,1,0,1,0,0,2,1,1,3,0,13,2,0,0,0,0,0,0,2,0,4,3,6,3,1,7,0,2,2,0,0,0,0,1,2,0,6,3,0,3,0,9,3,0,0,0,0,0,0,12,4,1
SR,0,0,0,0,1,0,0,0,0,0,0,0,0,0,0,0,0,0,0,0,0,0,0,0,0,0,0,0,0,0,0,1,0,0,1,0,0,0,0,0,0,0,0,0,0,0,0,0,0,0,0,0,0,0,0,0,0,0,0,0,0,0,0,1,0,0,0,0,0,0,0,0,0,0,0,0,0,0,0,0,0,0,0,0,0,0,0,0,0,0,0,0,0,0,0,0,0,0,1,0,0,0,0,0,0,0,0,0,0,0,0,0,0,0,0,0,0,0,0,0,0,0,0,0,0,0,0,0,0,0,0,0,0,0,0,0,0,1,0,0
SZ,0,0,0,0,0,0,0,0,0,0,0,0,0,0,0,0,0,1,0,0,0,0,0,0,0,0,0,0,0,0,0,0,1,0,1,0,0,0,0,1,1,0,0,0,0,0,0,0,0,0,0,0,0,0,0,0,0,0,0,0,0,0,0,0,0,0,0,0,0,0,0,0,0,0,1,0,0,0,0,0,0,0,0,0,0,0,0,0,0,0,0,0,0,3,0,0,0,0,1,1,0,0,0,0,0,0,0,0,1,0,0,0,0,0,0,0,0,0,0,0,0,0,0,0,0,0,0,0,0,1,1,0,0,0,0,0,0,1,1,0
TD,0,0,0,0,0,0,0,0,0,0,1,0,0,0,0,0,0,0,0,0,0,0,0,0,0,0,0,0,0,0,0,0,1,1,0,1,0,0,0,0,1,0,0,0,0,0,0,1,0,0,0,0,0,0,0,0,0,0,0,0,0,0,0,1,0,0,1,0,0,0,0,0,0,0,0,0,0,0,0,0,0,0,0,0,0,1,0,0,0,0,0,0,0,0,0,0,0,0,1,0,0,0,0,0,0,0,0,0,0,0,0,0,0,0,0,0,0,0,1,0,0,0,0,0,1,0,0,0,0,0,0,0,0,0,0,0,0,0,0,0
TG,0,0,0,0,0,0,0,0,0,0,2,1,0,0,0,0,0,0,0,1,0,0,1,0,0,0,0,0,0,0,1,0,1,0,1,0,0,0,1,0,1,1,0,0,0,0,0,1,0,0,0,0,0,1,0,1,0,0,0,0,0,0,0,1,0,0,2,0,0,0,0,0,0,0,0,0,0,0,0,1,0,0,0,0,0,0,1,0,0,0,1,0,0,1,0,0,1,0,1,0,0,0,0,0,0,0,1,0,0,1,2,2,1,0,0,1,1,0,2,0,0,0,0,0,2,1,0,1,0,1,0,0,0,0,0,0,0,1,1,0
TH,0,0,0,0,4,1,0,0,0,0,6,0,0,0,0,0,0,0,0,0,0,1,0,0,0,0,0,0,0,0,1,3,10,0,4,0,0,3,0,3,7,0,3,0,6,0,0,0,0,0,1,0,0,2,1,2,0,1,1,0,0,0,0,6,0,0,0,0,1,0,0,1,0,0,0,0,0,0,0,0,0,0,0,0,0,0,0,0,0,0,0,0,0,0,0,0,1,0,5,6,0,0,0,0,1,0,2,0,5,3,2,0,0,3,0,1,0,0,0,0,0,0,0,0,0,1,0,0,0,0,2,0,0,0,0,1,0,2,0,0
TN,1,3,3,0,9,0,0,0,1,0,23,2,6,0,0,0,0,0,1,2,0,1,1,0,2,0,0,0,0,0,14,8,31,1,11,3,0,7,5,26,32,2,12,4,32,0,2,3,0,0,0,0,0,8,0,9,1,6,5,0,1,0,7,37,2,0,6,0,0,0,0,5,0,0,0,10,2,5,1,7,3,1,0,0,1,1,2,9,1,0,1,0,0,1,0,0,2,0,17,8,0,0,1,0,0,1,16,0,20,11,11,2,1,11,0,5,11,0,6,0,0,1,2,0,0,19,0,1,4,2,2,0,0,0,0,0,0,9,2,0
TR,1,10,7,1,150,0,0,2,8,1,245,1,52,0,0,0,1,0,2,2,0,4,1,0,1,0,2,0,0,0,65,86,314,0,108,1,0,58,9,202,313,1,111,6,256,0,16,3,2,0,0,0,0,38,0,60,0,103,44,0,2,0,28,324,2,0,4,0,1,2,1,2,0,0,0,63,38,45,0,12,12,4,0,0,8,0,1,24,0,0,1,0,0,1,0,0,3,0,196,112,3,1,0,0,0,2,126,0,154,86,38,1,1,116,0,69,42,0,3,0,0,0,1,1,19,0,0,3,30,3,37,3,0,2,0,0,4,6,1,0
TW,0,0,0,0,0,0,0,0,0,0,0,0,0,0,0,0,0,0,0,0,0,0,0,0,0,0,0,0,0,0,0,1,0,0,0,0,0,0,0,0,0,0,1,0,0,0,0,0,0,0,0,0,0,0,0,0,0,0,1,1,0,0,0,1,0,0,0,0,0,0,0,0,0,0,0,0,0,0,0,0,0,0,0,0,0,0,0,0,0,0,0,0,0,0,0,0,0,0,1,0,0,0,0,0,0,0,0,0,0,0,0,0,0,1,0,0,0,0,0,0,0,0,0,0,0,0,0,0,0,0,0,0,0,0,0,0,0,0,0,0
TZ,0,0,0,0,3,0,0,0,0,1,11,5,1,2,1,0,0,0,0,9,0,0,1,0,0,0,2,0,0,0,1,3,14,0,4,1,0,0,2,2,9,3,8,0,5,1,0,8,0,0,0,0,0,1,0,2,0,3,0,0,0,0,0,8,0,0,13,0,0,0,0,0,0,0,0,0,1,0,0,1,0,0,1,0,0,0,1,1,0,0,3,0,0,3,0,0,5,0,15,9,1,3,0,0,0,0,0,0,6,2,2,6,1,11,0,3,2,0,3,0,0,0,1,0,1,3,0,0,0,13,8,2,0,0,0,0,0,7,5,0
UA,0,7,5,0,59,0,0,2,4,0,102,0,36,0,0,0,1,0,4,0,0,4,0,0,0,1,0,0,0,0,21,52,151,0,38,0,0,24,0,79,126,2,56,1,113,0,11,3,1,0,0,0,0,27,0,34,0,49,7,2,0,0,11,128,0,0,3,0,0,0,0,1,1,0,0,32,13,23,0,3,14,4,0,0,12,0,0,8,0,0,0,0,0,0,0,0,0,0,89,36,0,0,0,0,2,0,80,1,57,44,26,0,0,64,0,36,38,0,0,0,0,0,0,0,4,30,0,0,0,0,12,5,0,1,0,0,0,3,0,0
UG,0,0,0,0,3,0,0,0,0,1,15,5,1,2,3,0,2,0,2,8,1,1,2,0,2,0,1,0,0,0,2,2,26,0,3,0,0,0,3,4,15,8,6,0,16,2,0,9,0,0,0,0,0,2,0,2,0,2,0,1,0,0,0,16,0,0,18,1,0,0,0,1,0,0,0,0,1,0,0,1,0,0,0,0,0,1,1,1,0,0,4,0,0,6,0,0,7,1,20,9,2,1,0,0,1,2,1,1,5,2,4,7,1,5,0,3,1,0,9,0,1,0,1,0,2,3,0,13,0,0,8,2,0,0,0,1,0,13,3,1
UK,0,2,3,2,122,3,0,1,1,2,177,4,31,2,2,0,4,2,6,5,0,37,1,1,2,1,1,1,1,0,48,59,271,0,94,0,0,32,2,142,238,4,107,1,221,1,6,7,1,0,0,0,0,22,1,39,0,71,25,3,0,0,9,244,0,2,10,0,0,3,0,1,0,2,1,29,25,17,0,2,3,2,2,0,4,1,0,6,0,0,1,1,0,4,1,0,4,0,187,111,6,2,0,1,2,1,90,1,104,51,18,3,0,125,0,38,27,0,3,0,1,0,0,2,2,37,0,8,12,8,0,20,1,2,0,1,1,18,4,0
US,0,1,0,2,32,1,0,0,1,1,57,2,4,0,0,0,3,0,2,1,0,13,0,0,0,1,3,1,0,0,7,12,85,0,32,0,1,2,0,23,60,3,28,0,60,1,0,3,1,0,1,0,0,3,0,7,0,15,11,3,0,0,3,63,0,2,4,0,1,3,0,0,1,0,0,4,11,3,0,0,0,0,0,0,0,0,0,1,0,0,0,0,1,0,0,0,2,0,65,21,1,2,1,0,0,0,17,0,15,10,4,0,0,38,0,9,2,1,0,0,0,0,0,0,0,3,0,2,5,2,20,0,0,0,1,0,0,3,0,0
UY,0,0,0,0,0,0,0,0,0,0,0,0,0,0,0,0,1,0,0,0,0,0,0,1,0,0,1,1,1,0,0,0,1,0,0,0,0,0,0,0,1,0,1,0,0,0,0,0,0,0,0,0,0,0,0,0,0,0,0,0,0,0,0,1,0,0,0,0,0,0,0,0,0,0,0,0,0,0,0,0,0,0,0,0,0,0,0,0,0,0,0,0,0,0,0,0,0,0,0,0,0,1,0,0,0,0,0,0,1,1,0,0,0,0,0,0,0,0,0,0,0,0,0,0,0,0,0,0,0,0,1,0,0,0,0,0,0,0,0,0
UZ,0,0,1,0,1,0,0,0,0,0,2,0,0,0,0,0,0,0,0,0,0,0,0,0,0,0,0,0,0,0,0,1,2,0,1,0,0,1,0,2,2,0,0,0,1,0,1,0,0,0,0,0,0,0,0,0,0,0,0,0,0,0,0,2,0,0,0,0,0,0,0,0,0,0,0,1,0,0,0,1,0,0,0,0,0,0,0,0,0,0,0,0,0,0,0,0,0,0,1,1,1,0,0,0,0,0,2,0,1,0,0,0,0,2,0,0,2,0,0,0,0,0,0,0,0,2,0,0,1,0,2,0,0,0,0,0,0,0,0,0
VE,0,0,0,0,0,0,0,0,0,0,0,0,0,0,0,0,1,0,0,0,0,0,0,0,0,0,1,0,0,0,0,0,1,0,0,0,1,0,0,0,0,0,0,0,1,0,0,0,0,0,0,0,0,0,0,0,0,0,0,0,0,0,0,0,0,0,0,0,0,0,0,0,0,0,0,0,0,0,0,0,0,0,0,0,0,0,0,0,0,0,0,0,1,0,0,0,0,0,1,0,0,1,1,0,0,0,0,0,0,0,0,0,0,0,0,0,0,1,0,0,0,0,0,0,0,0,0,0,0,0,0,1,0,0,0,0,0,0,0,0
VN,0,0,0,0,3,0,0,0,0,0,2,0,0,0,0,0,1,0,0,0,0,0,0,0,0,0,0,0,0,0,0,2,5,0,2,0,0,0,0,1,3,0,2,0,3,0,0,1,0,0,0,0,0,1,0,0,0,1,0,1,0,0,0,4,0,0,2,0,0,0,0,0,0,0,0,0,0,0,0,0,0,0,0,0,0,0,0,0,0,0,0,0,0,0,0,0,0,1,5,2,0,0,0,0,1,0,0,0,1,1,0,0,0,0,0,0,0,0,0,0,0,0,0,1,0,0,0,0,0,1,1,0,0,0,0,0,0,0,0,0
XK,0,3,0,0,4,0,0,0,2,0,6,0,1,0,0,0,0,0,0,0,0,0,0,0,0,0,0,0,0,0,3,3,8,0,4,0,0,3,0,8,6,0,5,1,5,0,0,0,0,0,0,0,0,1,0,1,0,3,1,0,1,0,1,7,0,0,0,0,0,0,1,0,0,0,0,1,0,0,0,0,1,1,0,0,1,0,0,3,0,0,0,0,0,0,0,0,0,0,3,2,0,0,0,0,0,0,5,0,6,1,2,0,0,4,0,3,1,0,0,0,0,0,0,0,0,4,0,0,0,0,1,0,0,0,0,0,0,0,0,0
ZA,0,0,0,1,23,3,0,0,0,1,54,4,8,0,3,0,1,1,3,2,0,7,7,0,5,2,2,0,0,3,12,13,76,0,29,3,1,7,3,29,57,9,22,1,57,1,2,16,0,0,0,0,0,7,1,10,0,18,8,2,0,0,2,53,0,1,25,0,0,3,0,4,0,0,0,7,4,6,1,6,2,1,4,0,1,1,1,2,3,0,2,1,0,4,1,1,12,0,61,20,2,1,0,0,0,1,13,0,23,13,6,5,0,23,0,12,6,0,12,1,1,0,1,2,9,6,0,7,3,13,18,3,0,0,0,0,0,0,7,2
ZM,0,0,0,0,1,0,0,0,1,0,5,1,1,0,0,0,0,2,0,3,0,0,3,0,0,0,0,0,0,0,3,4,7,0,3,0,0,1,1,3,5,2,2,0,4,0,0,5,0,0,0,0,0,2,0,2,0,0,0,0,0,0,0,5,0,0,7,0,0,0,0,0,0,0,1,0,0,0,0,2,0,0,0,0,0,0,1,0,1,0,2,0,0,5,0,0,2,0,8,2,0,0,0,0,0,0,1,0,2,1,1,2,1,4,0,1,2,0,4,0,1,0,1,0,2,1,0,5,0,3,4,0,0,0,0,0,0,7,0,3
ZW,0,0,0,0,1,0,0,0,0,0,1,0,0,0,0,0,0,0,0,0,0,1,0,0,0,0,0,0,0,0,0,0,2,0,1,0,0,0,0,2,1,0,0,0,1,0,0,1,0,0,0,0,0,0,0,0,0,0,0,0,0,0,0,2,0,0,2,0,0,0,0,0,0,0,0,0,0,0,0,0,0,0,0,0,0,0,0,0,0,0,0,0,0,2,0,0,0,0,3,0,0,0,0,0,0,0,0,0,0,0,0,0,0,1,0,0,1,0,1,0,0,0,0,0,0,0,0,0,0,1,0,0,0,0,0,0,0,2,3,0
