,AE,AF,AI,AL,AM,AO,AR,AT,AU,AZ,BA,BD,BE,BF,BG,BH,BI,BJ,BO,BQ,BR,BW,BY,BZ,CA,CD,CG,CH,CI,CL,CM,CN,CO,CR,CU,CV,CY,CZ,DE,DJ,DK,DO,DZ,EC,EE,EG,EL,ES,ET,FI,FO,FR,GA,GD,GE,GH,GI,GL,GT,HK,HN,HR,HU,ID,IE,IL,IN,IQ,IR,IS,IT,JE,JM,JO,JP,KE,KG,KH,KR,KW,KZ,LB,LI,LK,LR,LS,LT,LU,LV,LY,MA,MC,MD,ME,MG,MH,MK,ML,MM,MN,MR,MT,MU,MV,MW,MX,MY,MZ,NC,NE,NG,NI,NL,NO,NP,NZ,OM,PA,PE,PF,PH,PK,PL,PS,PT,PY,QA,RO,RS,RU,RW,SA,SC,SD,SE,SG,SI,SK,SL,SN,SR,SX,SZ,TD,TG,TH,TJ,TM,TN,TR,TW,TZ,UA,UG,UK,US,UY,UZ,VG,VN,WF,XK,YE,ZA,ZM,ZW,ZZ
AE,0,0,0,0,0,0,0,0,0,0,0,0,0,0,0,0,0,0,0,0,0,0,0,0,0,0,0,1,0,0,0,0,0,0,0,0,0,0,0,0,0,0,0,0,0,0,0,1,0,1,0,0,0,0,0,0,0,0,0,0,0,0,0,0,1,0,0,0,0,0,1,0,0,0,0,0,0,0,0,0,0,0,0,0,0,0,0,0,0,0,0,0,0,0,0,0,0,0,0,0,0,0,0,0,0,0,0,0,0,0,0,0,0,0,0,0,0,0,0,0,0,0,0,0,0,0,0,0,0,0,0,0,0,0,0,0,0,0,0,0,0,0,0,0,0,0,0,0,0,0,0,0,0,0,0,0,0,0,0,0,0,0,0,0,0,0,0
AF,0,0,0,0,0,0,0,1,0,0,0,0,0,0,0,0,0,0,0,0,0,0,0,0,0,0,0,0,0,0,0,0,0,0,0,0,0,0,0,0,0,0,0,0,0,0,0,0,0,0,0,0,0,0,0,1,0,0,0,0,0,0,0,0,0,0,0,0,0,0,0,0,0,0,0,0,0,0,0,0,0,0,0,0,0,0,0,0,0,0,0,0,0,0,0,0,0,0,0,0,0,0,0,0,0,0,0,0,0,0,0,0,1,1,0,0,0,0,0,0,0,1,0,0,0,0,0,0,0,0,0,0,0,0,0,0,0,0,0,0,0,0,0,0,0,0,0,0,0,1,0,0,0,0,1,0,0,0,0,0,0,0,0,0,0,0,0
AI,0,0,0,0,0,0,0,0,0,0,0,0,0,0,0,0,0,0,0,0,0,0,0,0,0,0,0,0,0,0,0,0,0,0,0,0,4,0,0,0,2,0,0,0,0,0,0,0,0,0,0,1,0,0,0,0,0,0,0,0,0,0,0,0,0,0,0,0,0,0,1,0,0,0,0,0,0,0,0,0,0,0,0,0,0,0,0,0,0,0,0,0,0,0,0,0,0,0,0,0,0,0,0,0,0,0,0,0,0,0,0,0,0,3,0,0,0,0,0,0,0,0,0,0,0,0,0,0,0,0,0,0,0,0,2,0,0,0,0,0,0,0,0,0,0,0,0,0,0,0,0,0,0,0,4,0,0,0,0,0,0,0,0,0,0,0,0
AL,0,0,0,0,7,0,0,19,4,5,13,0,32,0,22,0,0,0,0,0,0,0,4,0,1,0,0,13,0,0,0,0,0,0,0,0,19,13,32,0,15,0,0,0,14,2,28,32,0,10,2,32,0,0,7,0,0,0,0,0,0,16,19,0,18,17,0,1,0,5,28,0,0,1,0,0,0,0,0,0,0,0,0,0,0,0,10,11,12,0,2,0,10,12,0,0,17,0,0,0,0,8,0,0,0,0,0,0,0,0,0,0,23,10,0,0,0,0,0,0,0,0,18,0,20,0,0,24,19,2,0,0,0,0,13,0,15,12,0,1,0,0,0,0,0,0,0,0,2,11,0,0,7,0,25,2,0,0,0,0,0,5,0,1,0,0,0
AM,0,0,0,7,0,0,1,12,0,6,4,0,12,0,14,0,0,0,0,0,0,0,7,0,1,0,0,8,0,0,0,1,0,0,0,0,10,11,16,0,6,0,0,0,8,1,17,11,0,1,0,16,0,0,14,0,0,0,1,0,0,10,12,0,9,11,0,0,0,2,12,0,0,1,0,0,0,0,2,0,0,0,0,0,0,0,8,11,9,0,1,0,11,7,0,0,8,0,0,0,0,6,0,0,0,1,0,0,0,0,0,0,12,5,0,0,0,0,0,0,0,0,15,0,13,0,0,13,9,1,0,0,0,0,2,0,8,8,0,0,0,0,0,0,0,0,0,0,1,7,0,0,9,0,13,0,0,0,0,0,0,0,0,0,0,0,0
AO,0,0,0,0,0,0,0,0,0,0,0,0,0,0,0,0,0,1,0,0,1,0,0,0,0,0,0,0,1,0,0,0,0,0,0,1,0,0,1,0,0,0,0,0,0,0,0,1,0,0,0,1,0,0,0,0,0,0,0,0,0,0,0,0,1,0,0,0,0,0,0,0,0,0,0,0,0,0,0,0,0,0,0,0,0,0,0,0,0,0,0,0,0,0,0,0,0,0,0,0,0,0,0,0,0,0,0,0,0,0,0,0,0,1,0,0,0,0,0,0,0,0,0,0,0,0,0,0,0,0,0,0,0,0,0,0,0,0,0,1,0,0,0,0,0,0,0,0,0,0,0,0,0,0,1,0,0,0,0,0,0,0,0,1,0,0,0
AR,0,0,0,0,1,0,0,20,3,0,0,0,37,1,7,0,0,0,1,0,16,1,2,0,7,0,1,15,0,12,1,7,6,2,0,1,6,15,47,0,15,0,0,2,8,3,12,55,2,12,0,47,1,0,2,1,1,0,2,0,0,7,9,1,16,9,5,0,1,7,38,0,2,1,1,1,0,0,2,0,0,1,0,0,0,0,4,4,8,0,1,0,3,0,0,0,0,0,0,0,0,1,0,0,0,10,0,0,1,0,2,0,30,14,0,2,0,1,7,0,0,0,20,0,23,1,0,14,2,3,0,0,0,0,16,0,10,5,0,0,0,0,0,0,0,2,0,0,1,11,1,0,1,0,35,9,5,0,0,1,0,0,0,9,0,0,0
AT,0,1,0,19,12,0,20,0,33,9,28,3,1219,4,251,0,0,1,1,0,22,5,11,0,56,0,0,759,2,12,3,45,13,2,1,0,197,505,2046,1,583,0,2,5,210,16,772,1587,11,569,6,1421,0,0,20,10,1,5,2,7,0,254,384,7,482,247,15,2,1,66,1534,1,2,7,27,15,3,0,16,0,1,4,1,2,0,0,196,176,186,0,9,0,27,15,2,0,39,1,0,0,0,68,0,0,1,3,5,4,1,1,5,0,1224,493,2,8,0,0,4,0,3,4,589,1,593,0,0,360,145,21,2,0,0,1,818,3,366,225,0,9,0,0,0,0,3,9,1,0,12,233,16,5,63,9,1395,106,8,1,0,4,1,5,0,44,3,2,0
AU,0,0,0,4,0,0,3,33,0,1,1,1,50,0,15,0,0,0,0,0,5,0,0,0,19,0,0,45,0,0,1,13,1,0,0,0,8,16,90,0,37,0,0,1,5,0,34,67,0,29,0,74,0,0,1,1,0,0,0,4,0,10,15,2,26,8,2,0,0,7,73,0,0,0,5,2,0,0,4,0,0,0,0,1,0,0,9,3,2,0,1,0,0,1,1,0,2,0,0,0,0,2,0,0,0,1,1,0,0,0,1,0,77,32,0,7,0,0,0,0,0,1,32,0,25,0,0,10,5,7,0,0,0,0,45,1,10,12,0,1,0,0,0,0,0,2,0,0,0,5,1,0,5,0,88,42,0,0,0,1,0,2,0,17,0,0,0
AZ,0,0,0,5,6,0,0,9,1,0,0,0,11,0,6,0,0,0,0,0,0,0,5,0,1,0,0,6,0,0,0,0,0,0,0,0,5,5,10,0,5,0,0,0,4,0,11,6,0,1,0,13,0,0,6,0,0,0,0,0,0,4,6,0,6,6,0,0,0,0,10,0,0,0,1,0,0,0,0,0,0,0,0,0,0,0,6,5,5,0,1,0,6,5,0,0,5,0,0,0,0,5,0,0,0,0,0,0,0,0,0,0,9,3,0,0,0,0,1,0,0,0,6,0,6,0,0,7,5,2,0,0,0,0,4,0,4,5,0,0,0,0,0,0,0,0,0,0,1,7,0,0,7,0,7,0,0,0,0,0,0,0,0,2,0,0,0
BA,0,0,0,13,4,0,0,28,1,0,0,0,25,0,20,0,0,0,0,0,1,0,0,0,2,0,0,8,0,0,0,3,2,0,0,0,14,13,37,0,16,0,0,0,7,2,30,35,0,13,2,29,0,0,7,0,1,0,0,0,0,20,18,1,16,10,0,3,0,5,36,0,0,3,0,0,0,0,2,0,0,2,0,0,0,0,7,11,9,0,2,0,7,10,0,0,14,0,0,0,0,6,0,0,0,0,0,0,0,0,0,0,19,11,0,0,0,0,0,0,0,0,21,0,20,0,0,18,24,0,0,0,0,0,12,0,19,14,0,1,0,0,0,0,0,0,0,0,3,9,0,0,6,0,29,1,0,0,0,0,0,6,0,0,0,0,0
BD,0,0,0,0,0,0,0,3,1,0,0,0,3,0,2,0,0,0,0,0,1,0,0,0,1,0,0,2,0,0,0,1,1,0,0,0,1,1,6,0,3,0,0,0,0,0,3,5,0,1,0,4,0,0,0,1,0,0,0,1,0,0,0,0,2,1,1,0,0,0,4,0,0,0,0,0,0,0,0,0,0,0,0,0,0,0,1,0,1,0,0,0,0,0,0,0,0,0,0,0,0,2,0,0,0,0,0,0,0,0,0,0,6,3,1,0,0,0,1,0,1,1,1,0,2,0,0,0,0,0,0,0,0,0,3,0,1,2,0,1,0,0,0,0,0,1,0,0,0,1,0,0,1,2,8,1,1,0,0,0,0,0,0,1,0,0,0
BE,0,0,0,32,12,0,37,1219,50,11,25,3,0,11,366,0,0,3,1,1,38,5,11,0,89,2,1,1139,4,13,6,85,16,5,3,2,300,642,3040,1,899,1,6,7,331,19,1305,2656,16,898,8,2535,1,0,29,15,3,6,1,8,1,327,532,9,812,388,24,4,5,95,2575,1,0,6,43,30,5,3,36,1,3,10,1,2,1,0,280,287,242,1,19,1,40,19,2,0,49,2,0,0,0,86,2,1,4,11,6,9,3,1,9,0,2194,813,1,10,0,1,7,2,5,3,861,3,979,1,1,555,196,51,6,1,0,2,1194,3,455,277,2,21,1,1,0,1,2,9,1,1,27,325,30,8,95,16,2405,228,8,2,0,9,1,11,0,80,6,3,1
BF,0,0,0,0,0,0,1,4,0,0,0,0,11,0,0,0,1,2,0,0,0,3,0,0,0,1,0,7,2,0,5,0,0,0,0,0,0,3,13,1,2,0,5,0,0,5,7,8,5,7,0,17,0,0,0,9,0,0,0,0,1,0,4,0,4,0,0,0,0,0,12,0,0,0,0,10,0,0,1,0,0,0,0,0,0,0,0,0,0,0,2,0,0,0,2,0,0,2,0,0,0,0,0,0,1,0,0,2,1,1,5,0,12,4,0,1,0,1,0,0,0,0,0,0,8,0,0,1,1,0,2,0,0,1,7,0,1,0,1,10,0,0,0,1,1,1,0,0,2,2,0,2,0,7,13,1,1,0,0,1,0,0,0,11,2,1,0
BG,0,0,0,22,14,0,7,251,15,6,20,2,366,0,0,0,0,0,0,0,10,1,10,0,16,0,0,165,0,2,0,14,1,0,0,0,121,168,454,0,177,0,1,0,123,7,310,420,1,188,3,360,0,0,23,1,0,1,1,1,0,129,163,1,183,92,2,1,2,29,418,0,0,2,4,1,1,0,10,0,0,3,0,0,0,0,100,76,110,0,7,0,24,18,0,0,33,0,0,0,0,48,0,0,0,2,5,1,1,0,0,0,283,153,0,2,0,0,2,0,3,0,248,0,228,0,0,211,75,11,0,0,0,0,192,0,136,117,0,1,0,0,0,0,0,3,1,0,7,97,16,0,47,1,354,20,5,0,0,2,0,5,0,15,0,0,0
BH,0,0,0,0,0,0,0,0,0,0,0,0,0,0,0,0,0,0,0,0,0,0,0,0,0,0,0,0,0,0,0,0,0,0,0,0,0,0,1,0,1,0,0,0,0,0,0,1,0,1,0,1,0,0,0,0,0,0,0,0,0,0,0,0,0,0,0,0,0,0,1,0,0,0,0,0,0,0,0,0,0,0,0,0,0,0,0,0,0,0,0,0,0,0,0,0,0,0,0,0,0,0,0,0,0,0,0,0,0,0,0,0,1,0,0,0,1,0,0,0,0,0,0,0,0,0,0,0,0,0,0,1,0,0,1,0,1,0,0,0,0,0,0,0,0,0,0,0,0,0,0,0,0,0,1,0,0,0,0,0,0,0,0,0,0,0,0
BI,0,0,0,0,0,0,0,0,0,0,0,0,0,1,0,0,0,0,0,0,0,1,0,0,0,0,0,0,0,0,1,0,0,0,0,0,0,0,1,0,0,0,1,0,0,1,1,0,2,1,0,1,0,0,0,0,0,0,0,0,0,0,0,0,1,0,0,0,0,0,0,0,0,0,0,1,0,0,0,0,0,0,0,0,0,1,0,0,0,0,0,0,0,0,0,0,0,0,0,0,0,0,1,0,1,0,0,1,0,0,1,0,0,0,0,0,0,0,0,0,0,0,0,0,1,0,0,0,0,0,0,0,0,0,0,0,0,0,0,1,0,0,1,0,0,0,0,0,1,0,0,1,0,1,1,0,0,0,0,0,0,0,0,2,0,0,0
BJ,0,0,0,0,0,1,0,1,0,0,0,0,3,2,0,0,0,0,0,0,1,1,0,0,0,0,0,4,1,0,2,0,0,0,0,1,0,0,5,1,0,0,1,0,0,1,1,2,2,2,0,5,0,0,0,1,0,0,0,0,0,0,0,0,1,0,0,0,0,0,5,0,0,0,0,3,0,0,0,0,0,0,0,0,0,0,0,0,0,0,1,0,0,0,1,0,0,0,0,0,0,0,0,0,1,0,0,1,0,0,2,0,4,3,0,0,0,0,0,0,0,1,0,0,4,0,0,1,0,0,1,0,0,0,2,0,1,0,0,2,0,0,0,0,1,0,0,0,0,0,0,3,0,3,3,0,0,0,0,0,0,0,0,2,2,0,0
BO,0,0,0,0,0,0,1,1,0,0,0,0,1,0,0,0,0,0,0,0,1,0,0,0,0,0,0,0,0,1,1,1,1,0,0,0,0,1,3,0,0,0,0,2,0,0,0,2,0,1,0,3,0,0,0,0,0,0,0,0,0,1,2,0,0,0,0,0,0,0,2,0,0,0,0,0,0,0,0,0,0,0,0,0,0,0,1,0,0,0,0,0,0,0,0,0,0,0,0,0,0,0,0,0,0,0,0,0,0,0,0,0,3,1,0,0,0,0,1,0,0,0,1,0,0,0,0,0,0,0,0,0,0,0,0,0,1,0,0,0,0,0,0,0,0,0,0,0,1,0,0,0,0,1,2,0,0,0,0,0,0,0,0,0,0,0,0
BQ,0,0,0,0,0,0,0,0,0,0,0,0,1,0,0,0,0,0,0,0,0,0,0,0,0,0,0,0,0,0,0,0,0,0,0,0,0,0,1,0,0,0,0,0,0,0,0,1,0,0,0,1,0,0,0,0,0,0,0,0,0,1,0,0,0,0,0,0,0,0,1,0,0,0,0,0,0,0,0,0,0,0,0,0,0,0,0,0,0,0,0,0,0,0,0,0,0,0,0,0,0,0,0,0,0,0,0,0,0,0,0,0,1,1,0,0,0,0,0,0,0,0,0,0,0,0,0,1,0,0,0,0,0,0,0,0,0,0,0,0,0,1,0,0,0,0,0,0,0,0,0,0,0,0,1,0,0,0,0,0,0,0,0,0,0,0,0
BR,0,0,0,0,0,1,16,22,5,0,1,1,38,0,10,0,0,1,1,0,0,0,0,0,16,0,1,18,1,10,0,16,14,4,2,3,7,15,73,0,26,0,0,6,9,2,22,61,0,15,3,58,2,1,0,1,0,0,1,1,0,5,15,2,30,8,8,0,1,8,51,0,2,0,4,1,1,1,7,0,0,0,0,0,0,0,5,6,5,0,2,0,3,0,1,0,0,0,0,0,1,1,0,0,0,10,0,0,1,0,2,0,39,26,0,4,0,1,6,1,0,0,18,0,41,0,0,16,2,9,0,0,1,0,29,0,12,8,0,5,0,0,0,0,0,1,0,0,3,9,5,0,2,0,55,23,6,0,0,2,0,0,0,22,0,0,0
BW,0,0,0,0,0,0,1,5,0,0,0,0,5,3,1,0,1,1,0,0,0,0,0,0,0,0,0,2,1,0,2,1,0,0,0,0,0,2,5,1,2,0,1,0,1,2,1,6,3,4,0,5,0,0,0,3,0,0,0,0,0,0,2,0,4,0,0,0,0,1,3,0,0,0,0,3,0,0,1,0,0,0,0,0,0,1,1,0,0,0,1,0,0,0,1,0,1,0,0,0,0,0,1,0,1,0,0,3,0,0,1,0,5,3,0,0,0,0,0,0,0,1,1,0,2,0,0,1,0,1,1,0,0,0,5,0,1,1,0,3,0,0,1,0,1,0,0,0,1,1,0,2,0,3,5,0,0,0,0,0,0,0,0,7,1,0,0
BY,0,0,0,4,7,0,2,11,0,5,0,0,11,0,10,0,0,0,0,0,0,0,0,0,0,0,0,13,0,0,0,0,0,0,0,0,10,8,18,0,7,0,0,0,7,0,12,17,0,4,0,18,0,0,7,0,0,0,1,0,0,9,10,0,8,8,0,0,0,3,15,0,0,0,0,0,0,0,0,0,0,0,0,0,0,0,6,6,6,0,0,0,9,5,0,0,5,0,0,0,0,7,0,0,0,1,0,0,0,0,0,0,11,5,0,0,0,0,0,0,0,0,15,0,11,0,0,10,7,0,0,0,0,0,3,0,5,8,0,0,0,0,0,0,0,0,0,0,0,9,0,0,8,0,11,0,0,0,0,0,0,0,0,1,0,0,0
BZ,0,0,0,0,0,0,0,0,0,0,0,0,0,0,0,0,0,0,0,0,0,0,0,0,0,0,0,0,0,1,0,0,0,0,0,0,0,0,1,0,1,0,0,0,0,0,1,1,0,1,0,1,0,0,0,0,0,0,0,0,0,0,0,0,0,1,0,0,0,0,1,0,0,0,0,0,0,0,0,0,0,0,0,0,0,0,0,0,0,0,0,0,0,0,0,0,0,0,0,0,0,0,0,0,0,0,0,0,0,0,0,0,1,1,0,0,0,0,0,0,0,0,0,0,1,0,0,0,0,0,0,0,0,0,1,0,0,0,0,0,0,0,0,0,0,0,0,0,0,0,0,0,0,0,1,0,0,0,0,0,0,0,0,0,0,0,0
CA,0,0,0,1,1,0,7,56,19,1,2,1,89,0,16,0,0,0,0,0,16,0,0,0,0,0,0,56,0,3,0,17,4,0,0,0,9,40,135,0,65,0,0,1,15,1,42,108,0,56,10,125,0,0,1,0,0,8,0,0,0,13,33,2,45,28,7,0,0,20,116,0,0,0,9,0,0,0,8,0,0,2,0,0,0,0,18,9,15,0,0,0,2,2,0,0,3,0,0,0,0,3,0,0,0,2,0,0,0,0,0,0,99,70,0,5,0,0,1,0,1,1,49,0,52,0,0,35,5,18,0,1,0,0,74,0,17,22,0,2,0,0,0,0,0,0,0,0,1,17,5,0,8,0,114,51,1,0,0,2,0,0,0,17,0,1,0
CD,0,0,0,0,0,0,0,0,0,0,0,0,2,1,0,0,0,0,0,0,0,0,0,0,0,0,0,0,0,0,0,0,0,0,0,0,0,0,0,0,0,0,0,0,0,0,1,0,0,0,0,1,0,0,0,1,0,0,0,0,0,0,1,0,0,0,0,0,0,0,0,0,0,0,0,1,0,0,0,0,0,0,0,0,0,0,0,0,0,0,0,0,0,0,0,0,0,0,0,0,0,0,0,0,0,0,0,0,0,0,1,0,2,1,0,0,0,0,0,0,0,0,0,0,0,0,0,0,0,0,0,0,0,0,0,0,0,0,1,0,0,0,0,0,0,0,0,0,1,0,0,0,0,0,1,0,0,0,0,0,0,0,0,1,0,0,0
CG,0,0,0,0,0,0,1,0,0,0,0,0,1,0,0,0,0,0,0,0,1,0,0,0,0,0,0,0,0,0,0,0,0,0,0,0,0,0,1,0,0,0,0,0,0,0,0,1,0,0,0,1,1,0,0,0,0,0,0,0,0,0,0,0,0,0,1,0,0,0,1,0,0,0,0,0,0,0,0,0,0,0,0,0,0,0,0,1,0,0,0,0,0,0,0,0,0,0,0,0,0,0,0,0,0,0,0,0,0,0,0,0,1,0,0,0,0,0,0,0,0,0,0,0,0,0,0,1,0,0,0,0,0,0,0,0,0,1,0,0,0,0,0,0,0,0,0,0,0,0,0,0,0,0,0,0,0,0,0,0,0,0,0,0,0,0,0
CH,1,0,0,13,8,0,15,759,45,6,8,2,1139,7,165,0,0,4,0,0,18,2,13,0,56,0,0,0,3,3,6,57,10,0,2,1,157,409,1937,1,573,0,1,1,163,10,712,1424,9,521,4,1556,2,0,17,4,0,2,1,6,0,170,301,5,438,244,13,0,0,66,1519,0,0,5,30,17,2,1,24,1,1,4,1,2,0,0,150,154,125,0,11,1,22,14,3,0,28,3,0,1,0,39,1,1,4,10,5,7,4,3,5,0,1272,454,1,10,0,1,4,1,2,2,522,1,492,1,0,266,113,32,2,2,0,0,790,3,262,153,1,11,0,0,1,0,2,7,0,0,14,162,13,8,45,12,1524,157,7,1,0,2,1,0,0,46,3,1,0
CI,0,0,0,0,0,1,0,2,0,0,0,0,4,2,0,0,0,1,0,0,1,1,0,0,0,0,0,3,0,0,1,1,0,0,0,2,0,0,4,0,1,0,0,0,0,0,1,6,1,1,0,6,0,0,0,2,0,0,0,0,0,0,0,0,2,0,0,0,0,0,3,0,0,0,0,5,0,0,0,0,0,0,0,0,0,0,0,0,0,0,0,0,0,0,1,0,0,0,0,0,0,0,0,0,0,0,0,2,0,1,0,0,5,2,1,0,0,0,0,0,0,0,0,0,1,0,0,0,0,0,0,0,0,1,3,0,0,0,1,3,0,0,0,1,0,0,0,0,0,0,0,1,0,4,4,1,0,0,0,0,0,0,0,4,2,1,0
CL,0,0,0,0,0,0,12,12,0,0,0,0,13,0,2,0,0,0,1,0,10,0,0,1,3,0,0,3,0,0,0,4,9,3,1,0,0,8,30,0,7,0,0,5,2,1,12,34,1,13,1,28,0,1,0,2,0,0,1,0,0,2,6,0,6,5,1,0,0,1,23,0,3,0,0,1,1,0,2,0,0,0,0,0,0,0,0,1,1,0,1,0,0,0,0,0,0,0,0,0,0,1,0,0,0,8,0,0,0,0,0,0,20,10,1,0,0,1,6,0,1,0,8,0,16,1,0,5,0,0,1,0,0,0,12,0,2,1,0,0,0,0,0,0,0,0,0,0,1,1,0,1,1,0,24,3,6,0,0,2,0,0,0,5,0,0,0
CM,0,0,0,0,0,0,1,3,1,0,0,0,6,5,0,0,1,2,1,0,0,2,0,0,0,0,0,6,1,0,0,0,1,0,0,0,0,0,9,1,2,0,2,1,1,3,3,5,4,3,0,8,0,0,0,2,0,0,0,0,0,0,1,0,3,1,0,0,0,0,7,0,0,0,0,4,0,0,0,0,0,0,0,0,0,1,1,1,1,0,1,0,0,0,1,0,0,0,0,0,0,0,1,0,1,0,0,3,0,0,1,1,7,2,0,0,0,0,0,0,0,0,2,0,4,0,0,1,0,0,1,0,0,1,1,0,1,0,0,4,0,0,1,1,1,1,0,0,1,1,0,3,0,6,6,1,0,0,0,1,0,0,0,6,3,1,0
CN,0,0,0,0,1,0,7,45,13,0,3,1,85,0,14,0,0,0,1,0,16,1,0,0,17,0,0,57,1,4,0,0,7,1,2,0,11,27,126,0,39,0,0,3,8,1,64,100,1,35,2,105,0,0,3,1,0,2,0,8,0,10,31,4,38,13,14,0,1,3,111,0,0,0,14,2,0,1,16,0,0,0,0,0,0,0,7,7,3,0,1,0,0,1,1,0,1,0,0,1,0,4,0,0,0,3,0,0,1,0,2,0,91,44,1,5,0,0,1,1,1,0,36,0,42,1,0,21,11,13,0,1,0,0,49,2,19,8,0,2,0,0,0,0,1,1,0,0,3,15,7,0,6,0,115,30,3,0,0,3,0,0,0,15,0,0,0
CO,0,0,0,0,0,0,6,13,1,0,2,1,16,0,1,0,0,0,1,0,14,0,0,0,4,0,0,10,0,9,1,7,0,3,2,0,2,3,33,0,10,0,0,7,1,2,9,33,0,10,0,21,0,1,0,1,0,0,0,0,0,3,7,1,5,1,0,0,1,1,28,0,1,0,1,1,1,1,3,0,0,0,0,0,0,0,4,2,4,0,1,0,0,1,1,0,0,0,0,0,0,0,0,0,0,6,0,1,1,0,1,0,23,8,1,1,0,0,6,1,1,0,11,0,17,0,0,7,2,1,1,0,0,0,11,0,2,2,0,3,0,0,0,0,0,0,0,0,0,6,0,1,3,1,28,7,7,0,0,2,0,0,0,5,0,0,0
CR,0,0,0,0,0,0,2,2,0,0,0,0,5,0,0,0,0,0,0,0,4,0,0,0,0,0,0,0,0,3,0,1,3,0,1,0,0,0,9,0,0,0,0,1,0,0,1,11,1,2,0,8,0,0,0,0,0,0,0,0,0,0,0,1,1,2,0,0,0,1,7,0,1,0,0,1,0,0,0,0,0,0,0,0,0,0,0,0,0,0,0,0,0,0,0,0,0,0,0,0,0,0,0,0,0,4,0,0,0,0,1,0,3,2,0,0,0,0,2,0,0,0,2,0,5,0,0,1,1,0,0,0,0,0,2,0,1,0,0,0,0,0,0,0,0,0,0,0,0,0,1,0,0,0,8,1,2,0,0,0,0,0,0,0,0,0,0
CU,0,0,0,0,0,0,0,1,0,0,0,0,3,0,0,0,0,0,0,0,2,0,0,0,0,0,0,2,0,1,0,2,2,1,0,0,0,0,2,0,1,0,0,1,0,0,0,4,1,0,0,4,0,0,0,1,0,0,0,0,0,0,0,0,0,0,0,0,0,0,3,0,1,0,0,1,0,1,1,0,0,0,0,0,0,0,0,0,0,0,0,0,0,0,0,0,0,0,0,0,0,0,0,0,0,2,0,0,1,0,1,0,3,2,0,0,0,0,1,1,0,0,0,0,1,0,0,0,0,0,0,0,0,0,1,0,2,0,0,2,0,0,0,0,1,0,0,0,1,0,0,0,0,0,5,1,1,0,0,0,0,0,0,1,0,0,0
CV,0,0,0,0,0,1,1,0,0,0,0,0,2,0,0,0,0,1,0,0,3,0,0,0,0,0,0,1,2,0,0,0,0,0,0,0,0,1,4,0,2,0,0,0,0,0,1,6,0,1,1,3,0,0,0,2,0,0,0,0,0,0,0,0,2,0,0,0,0,1,2,0,0,0,0,3,0,0,0,0,0,0,0,0,0,0,0,1,1,0,1,0,0,0,1,0,0,0,0,0,1,0,0,0,0,0,0,0,0,1,0,0,1,5,0,0,0,0,0,0,0,0,1,0,3,0,0,1,0,0,0,0,1,0,2,0,0,0,1,2,0,0,0,0,0,0,0,0,1,0,0,0,0,1,3,0,0,0,0,0,0,0,0,3,0,0,0
CY,0,0,4,19,10,0,6,197,8,5,14,1,300,0,121,0,0,0,0,0,7,0,10,0,9,0,0,157,0,0,0,11,2,0,0,0,0,112,427,0,132,0,1,0,96,13,460,435,0,150,2,345,0,0,13,0,0,0,1,2,0,95,92,1,192,101,6,0,1,35,434,0,0,4,5,0,0,0,9,0,0,2,0,0,2,0,73,103,68,0,5,0,26,13,0,1,24,0,0,1,0,51,0,0,0,3,2,0,0,0,0,0,255,142,0,0,0,0,1,0,2,0,173,0,209,1,0,157,53,6,0,0,0,0,163,0,129,64,0,0,0,0,0,0,0,1,0,0,8,69,9,0,27,0,357,11,3,0,0,1,0,2,0,12,0,0,0
CZ,0,0,0,13,11,0,15,505,16,5,13,1,642,3,168,0,0,0,1,0,15,2,8,0,40,0,0,409,0,8,0,27,3,0,0,1,112,0,948,0,306,0,0,4,148,8,394,792,5,338,6,783,0,1,13,6,0,2,2,3,0,158,270,3,297,139,2,0,1,52,804,0,2,1,17,5,1,0,11,0,0,3,1,0,0,0,169,98,145,0,3,0,22,12,1,0,25,1,0,0,0,44,0,0,0,4,2,1,1,0,1,0,616,283,1,3,0,0,2,0,2,2,419,0,341,0,0,232,80,21,0,0,0,0,441,0,204,216,0,3,0,0,0,0,0,3,0,0,14,118,13,0,63,2,763,79,6,0,1,3,0,0,0,20,0,0,0
DE,0,0,0,32,16,1,47,2046,90,10,37,6,3040,13,454,1,1,5,3,1,73,5,18,1,135,0,1,1937,4,30,9,126,33,9,2,4,427,948,0,1,1418,0,9,11,408,26,1932,4105,20,1315,16,4074,3,1,36,22,4,11,1,18,1,397,738,17,1103,608,33,7,6,136,4127,1,4,13,68,38,5,2,50,1,3,16,2,2,2,0,357,368,318,1,28,1,43,20,5,1,54,4,1,1,0,108,1,1,3,23,10,10,5,2,11,1,3270,1188,4,13,1,3,14,1,7,5,1280,4,1384,2,1,726,250,78,9,5,0,1,1966,3,647,347,1,28,0,1,1,0,2,15,2,1,33,457,41,23,142,25,4172,312,17,2,1,15,1,11,1,113,5,2,1
DJ,0,0,0,0,0,0,0,1,0,0,0,0,1,1,0,0,0,1,0,0,0,1,0,0,0,0,0,1,0,0,1,0,0,0,0,0,0,0,1,0,0,0,1,0,0,1,0,1,1,1,0,1,0,0,0,0,0,0,0,0,0,0,0,0,0,0,0,0,0,0,1,0,0,0,0,1,0,0,0,0,0,0,0,0,0,0,0,0,0,0,1,0,0,0,1,0,0,0,0,0,0,0,0,0,0,0,0,1,0,0,1,0,1,1,0,0,0,0,0,0,0,0,0,0,1,0,0,1,0,0,1,0,0,0,0,0,1,0,0,1,0,0,0,0,1,0,0,0,0,0,0,1,0,1,1,0,0,0,0,0,0,0,0,1,1,0,0
DK,0,0,2,15,6,0,15,583,37,5,16,3,899,2,177,1,0,0,0,0,26,2,7,1,65,0,0,573,1,7,2,39,10,0,1,2,132,306,1418,0,0,0,0,2,193,8,528,1154,7,459,16,1109,0,0,16,7,1,11,0,7,0,181,274,2,436,168,11,3,1,76,1089,0,2,3,22,15,1,0,14,1,0,6,0,1,0,0,154,118,126,0,8,0,18,11,1,0,22,0,0,1,1,54,0,1,1,8,2,1,0,0,2,1,1062,522,1,5,1,0,3,0,2,1,452,1,484,1,1,233,96,23,2,4,1,0,691,4,233,142,0,9,0,0,0,0,0,5,0,0,7,140,11,7,37,9,1224,133,7,0,1,7,0,3,0,31,0,0,0
DO,0,0,0,0,0,0,0,0,0,0,0,0,1,0,0,0,0,0,0,0,0,0,0,0,0,0,0,0,0,0,0,0,0,0,0,0,0,0,0,0,0,0,0,0,0,0,0,1,0,0,0,0,0,0,0,0,0,0,0,0,0,0,0,0,0,0,0,0,0,0,1,0,0,0,0,0,0,0,0,0,0,0,0,0,0,0,0,0,0,0,0,0,0,0,0,0,0,0,0,0,0,0,0,0,0,0,0,0,0,0,0,0,0,0,0,0,0,0,0,0,0,0,0,0,0,0,0,0,0,0,0,0,0,0,0,0,0,0,0,0,0,0,0,0,0,0,0,0,0,0,0,0,0,0,0,0,0,0,0,0,0,0,0,0,0,0,0
DZ,0,0,0,0,0,0,0,2,0,0,0,0,6,5,1,0,1,1,0,0,0,1,0,0,0,0,0,1,0,0,2,0,0,0,0,0,1,0,9,1,0,0,0,0,0,7,5,6,2,4,0,8,0,0,0,2,0,0,0,0,1,0,1,0,1,2,0,0,0,0,8,0,0,1,0,4,0,0,0,0,0,1,0,0,0,0,0,0,0,1,5,0,0,0,1,0,0,0,0,0,0,0,0,0,0,0,0,2,0,0,3,0,6,3,0,0,0,1,0,0,0,0,0,1,5,0,0,1,0,0,2,0,0,0,1,0,1,0,0,5,0,0,0,0,1,0,0,0,3,4,0,2,0,3,6,0,1,0,0,0,0,1,0,6,1,0,0
EC,0,0,0,0,0,0,2,5,1,0,0,0,7,0,0,0,0,0,2,0,6,0,0,0,1,0,0,1,0,5,1,3,7,1,1,0,0,4,11,0,2,0,0,0,0,0,2,13,0,3,0,8,0,1,0,1,0,0,1,0,0,1,3,0,1,0,0,0,0,0,6,0,1,0,0,1,1,1,1,0,0,0,0,0,0,0,1,0,0,0,0,0,0,0,0,0,0,0,0,0,0,0,0,0,0,5,0,0,1,0,0,0,10,2,1,0,0,0,4,1,1,0,4,0,3,0,0,2,1,0,1,0,0,0,2,0,1,0,0,1,0,0,0,0,0,0,0,0,0,1,0,1,0,1,9,1,2,0,0,1,0,1,0,1,0,0,0
EE,0,0,0,14,8,0,8,210,5,4,7,0,331,0,123,0,0,0,0,0,9,1,7,0,15,0,0,163,0,2,1,8,1,0,0,0,96,148,408,0,193,0,0,0,0,6,236,367,1,222,5,304,0,0,16,1,0,3,1,1,0,102,137,2,177,83,3,0,0,40,371,0,1,1,2,2,0,0,2,0,0,2,1,0,0,0,105,77,116,0,3,0,23,11,0,0,21,0,0,0,0,40,1,0,0,1,2,0,2,0,1,0,307,182,0,3,0,0,0,0,1,1,191,0,218,0,0,152,46,9,1,0,0,0,219,0,120,97,0,0,0,0,0,0,0,1,0,0,7,83,12,0,30,1,340,22,4,0,0,1,0,2,0,19,0,0,0
EG,0,0,0,2,1,0,3,16,0,0,2,0,19,5,7,0,1,1,0,0,2,2,0,0,1,0,0,10,0,1,3,1,2,0,0,0,13,8,26,1,8,0,7,0,6,0,21,31,5,10,0,31,0,0,2,5,0,0,0,0,1,5,6,0,10,14,0,2,1,5,31,0,0,6,0,6,0,0,0,0,0,5,0,0,0,1,1,1,1,1,12,0,5,2,1,0,4,0,0,0,0,1,1,0,1,0,0,3,0,1,4,0,15,11,0,0,0,1,0,0,0,0,13,3,14,0,0,11,3,0,1,0,0,0,11,0,5,1,0,7,0,0,1,0,1,0,0,0,15,15,2,5,1,5,16,0,2,0,0,0,0,3,0,10,1,0,0
EL,0,0,0,28,17,0,12,772,34,11,30,3,1305,7,310,0,1,1,0,0,22,1,12,1,42,1,0,712,1,12,3,64,9,1,0,1,460,394,1932,0,528,0,5,2,236,21,0,1810,12,563,5,1533,0,1,28,10,4,1,1,10,0,240,348,7,552,308,14,4,2,59,1830,0,1,6,24,15,3,0,29,0,0,12,1,1,2,0,184,245,172,1,12,0,35,23,0,1,44,1,0,0,0,94,0,0,0,3,5,2,1,1,4,0,1174,494,0,5,0,1,2,1,4,1,617,3,782,0,0,472,180,24,3,0,0,0,687,2,333,176,1,7,0,0,0,0,0,7,0,0,28,260,20,4,76,7,1598,82,7,0,0,6,1,3,0,42,2,2,0
ES,1,0,0,32,11,1,55,1587,67,6,35,5,2656,8,420,1,0,2,2,1,61,6,17,1,108,0,1,1424,6,34,5,100,33,11,4,6,435,792,4105,1,1154,1,6,13,367,31,1810,0,14,1153,12,3397,1,0,29,18,3,4,2,12,0,394,643,10,1024,547,28,3,5,117,3652,0,6,11,51,33,3,2,40,1,2,16,1,1,2,0,290,309,262,1,34,0,44,25,2,0,63,2,0,1,1,108,1,0,3,24,9,13,4,4,9,0,2545,1001,1,13,1,1,15,2,5,1,1138,5,1387,2,1,704,261,47,5,2,1,1,1513,5,604,309,1,19,0,1,0,1,3,13,0,0,49,454,38,14,113,22,3292,241,20,1,0,12,1,11,1,88,3,3,0
ET,0,0,0,0,0,0,2,11,0,0,0,0,16,5,1,0,2,2,0,0,0,3,0,0,0,0,0,9,1,1,4,1,0,1,1,0,0,5,20,1,7,0,2,0,1,5,12,14,0,7,0,13,0,0,0,8,0,0,0,0,0,0,2,3,4,2,0,0,0,2,23,0,0,1,0,18,1,1,1,0,0,1,0,2,0,1,2,2,2,0,3,0,1,0,1,0,0,1,0,0,0,1,1,0,5,1,0,6,0,1,4,0,16,11,1,0,0,0,0,0,0,1,3,0,7,0,0,2,2,1,5,0,0,1,7,0,2,1,1,5,0,0,1,1,1,2,1,0,5,4,0,8,2,10,23,0,0,0,0,0,0,0,0,14,5,2,0
FI,1,0,0,10,1,0,12,569,29,1,13,1,898,7,188,1,1,2,1,0,15,4,4,1,56,0,0,521,1,13,3,35,10,2,0,1,150,338,1315,1,459,0,4,3,222,10,563,1153,7,0,13,1042,0,0,12,11,0,10,0,6,0,141,265,4,385,152,8,2,0,66,1081,0,1,3,25,10,1,0,21,0,0,4,2,1,1,0,153,132,156,0,5,1,20,9,2,0,22,0,0,0,0,52,0,0,0,6,4,2,1,1,5,0,914,445,1,7,1,0,2,1,3,2,436,0,500,0,0,247,103,32,3,1,0,0,665,1,248,143,0,7,0,0,0,0,1,4,0,0,12,163,16,5,50,9,1054,91,6,0,0,5,0,4,0,43,3,0,0
FO,0,0,0,2,0,0,0,6,0,0,2,0,8,0,3,0,0,0,0,0,3,0,0,0,10,0,0,4,0,1,0,2,0,0,0,1,2,6,16,0,16,0,0,0,5,0,5,12,0,13,0,12,0,0,0,0,0,4,0,0,0,5,4,0,9,3,0,0,0,16,14,0,0,0,0,0,0,0,1,0,0,0,0,0,0,0,3,2,2,0,1,0,2,2,0,0,2,0,0,0,1,2,0,0,0,0,0,0,0,0,0,0,12,20,0,2,0,0,0,0,0,0,8,0,9,0,0,3,2,5,0,0,1,0,14,0,2,2,0,1,0,0,0,0,0,0,0,0,0,4,0,0,0,0,18,7,0,0,0,2,0,0,0,2,0,0,0
FR,0,0,1,32,16,1,47,1421,74,13,29,4,2535,17,360,1,1,5,3,1,58,5,18,1,125,1,1,1556,6,28,8,105,21,8,4,3,345,783,4074,1,1109,0,8,8,304,31,1533,3397,13,1042,12,0,1,1,29,19,3,8,2,11,1,328,583,9,913,489,24,5,3,111,3316,1,5,12,58,31,3,1,42,1,1,15,1,0,2,0,281,305,247,1,30,1,46,22,4,1,46,4,1,0,0,98,2,1,1,19,8,6,8,2,11,1,2490,964,1,14,1,3,12,4,7,3,1057,4,1184,0,1,597,199,67,5,5,0,2,1504,3,523,286,4,36,0,1,0,1,4,14,2,1,49,385,38,12,116,17,3277,287,19,1,0,13,1,9,1,101,4,3,1
GA,0,0,0,0,0,0,1,0,0,0,0,0,1,0,0,0,0,0,0,0,2,0,0,0,0,0,1,2,0,0,0,0,0,0,0,0,0,0,3,0,0,0,0,0,0,0,0,1,0,0,0,1,0,0,0,0,0,0,0,0,0,0,0,0,0,0,1,0,0,0,3,0,0,0,0,0,0,0,0,0,0,0,0,0,0,0,0,1,0,0,0,0,0,0,0,0,0,0,0,0,0,0,0,0,0,0,0,0,0,0,0,0,3,0,0,0,0,0,0,0,0,0,0,0,0,0,0,1,0,0,0,0,0,0,2,0,0,1,0,0,0,0,0,0,0,0,0,0,0,0,0,0,0,0,1,2,0,0,0,0,0,0,0,0,0,0,0
GD,0,0,0,0,0,0,0,0,0,0,0,0,0,0,0,0,0,0,0,0,1,0,0,0,0,0,0,0,0,1,0,0,1,0,0,0,0,1,1,0,0,0,0,1,0,0,1,0,0,0,0,1,0,0,0,1,0,0,0,0,0,0,1,0,0,0,0,0,0,0,0,0,0,0,0,0,1,0,1,0,0,0,0,0,0,0,0,0,0,0,0,0,0,0,0,0,0,0,0,0,0,0,0,0,0,1,0,0,0,0,0,0,1,0,0,0,0,0,0,0,0,0,0,0,0,0,0,0,0,0,0,0,0,0,0,0,0,0,0,0,0,0,0,0,0,0,0,0,0,0,0,0,0,0,1,0,1,0,0,0,0,0,0,1,0,0,0
GE,0,0,0,7,14,0,2,20,1,6,7,0,29,0,23,0,0,0,0,0,0,0,7,0,1,0,0,17,0,0,0,3,0,0,0,0,13,13,36,0,16,0,0,0,16,2,28,29,0,12,0,29,0,0,0,0,0,0,1,0,0,14,18,0,19,14,1,2,0,4,35,0,0,2,0,1,1,0,1,0,0,0,0,1,0,0,9,10,15,0,0,0,18,9,0,0,10,1,0,0,0,9,0,0,0,1,0,1,0,0,0,0,19,12,0,0,0,0,0,0,0,0,22,1,17,0,0,24,15,5,0,0,0,0,10,0,15,14,0,0,0,0,0,0,0,0,0,0,1,21,0,0,22,0,30,0,0,0,0,0,0,1,1,4,0,0,0
GH,0,1,0,0,0,0,1,10,1,0,0,1,15,9,1,0,0,1,0,0,1,3,0,0,0,1,0,4,2,2,2,1,1,0,1,2,0,6,22,0,7,0,2,1,1,5,10,18,8,11,0,19,0,1,0,0,0,0,0,1,0,0,5,1,8,1,0,0,0,0,24,0,1,0,0,16,1,0,1,0,0,0,0,0,0,0,0,1,2,0,2,0,0,0,0,0,1,1,0,0,0,0,0,0,5,2,0,3,0,2,7,0,24,12,0,1,0,0,0,0,0,1,3,0,13,0,0,2,0,0,2,0,0,1,10,0,2,4,1,10,1,0,0,0,0,1,0,0,6,3,0,8,0,10,24,1,2,0,0,1,0,1,0,22,3,2,0
GI,0,0,0,0,0,0,1,1,0,0,1,0,3,0,0,0,0,0,0,0,0,0,0,0,0,0,0,0,0,0,0,0,0,0,0,0,0,0,4,0,1,0,0,0,0,0,4,3,0,0,0,3,0,0,0,0,0,0,0,0,0,0,0,0,2,3,0,0,0,0,4,0,0,0,0,0,0,0,0,0,0,0,0,0,0,0,0,1,0,0,0,0,0,0,0,0,0,0,0,0,0,0,0,0,0,0,0,0,0,0,0,0,3,2,0,0,0,0,0,0,0,0,0,0,2,0,0,1,0,0,0,0,0,0,2,0,0,0,0,0,0,0,0,0,0,0,0,0,0,0,0,0,0,0,3,0,0,0,0,0,0,0,0,0,0,0,0
GL,0,0,0,0,0,0,0,5,0,0,0,0,6,0,1,0,0,0,0,0,0,0,0,0,8,0,0,2,0,0,0,2,0,0,0,0,0,2,11,0,11,0,0,0,3,0,1,4,0,10,4,8,0,0,0,0,0,0,0,0,0,0,0,0,2,0,1,0,0,5,8,0,0,0,4,0,0,0,2,0,0,0,0,0,0,0,0,0,0,0,0,0,0,0,0,0,0,0,0,0,0,0,0,1,0,0,0,0,0,0,0,0,6,13,0,1,0,0,0,0,0,0,6,0,3,0,0,1,0,6,0,0,0,0,9,0,0,0,0,0,0,0,0,0,0,0,0,0,0,1,0,0,0,0,10,6,0,0,0,0,0,0,0,0,0,0,0
GT,0,0,0,0,1,0,2,2,0,0,0,0,1,0,1,0,0,0,0,0,1,0,1,0,0,0,0,1,0,1,0,0,0,0,0,0,1,2,1,0,0,0,0,1,1,0,1,2,0,0,0,2,0,0,1,0,0,0,0,0,0,1,1,0,0,2,0,0,0,1,2,0,1,0,0,0,0,0,0,0,0,0,0,0,0,0,0,1,1,0,0,0,1,0,0,0,0,0,0,0,0,0,0,0,0,2,0,0,0,0,0,0,1,1,0,0,0,0,1,0,0,0,1,0,1,0,0,1,0,0,0,0,0,0,0,0,0,1,0,0,0,0,0,0,0,0,0,0,0,0,0,0,0,0,2,0,0,0,0,0,0,0,0,0,0,0,0
HK,0,0,0,0,0,0,0,7,4,0,0,1,8,0,1,0,0,0,0,0,1,0,0,0,0,0,0,6,0,0,0,8,0,0,0,0,2,3,18,0,7,0,0,0,1,0,10,12,0,6,0,11,0,0,0,1,0,0,0,0,0,2,2,0,9,3,0,0,0,2,13,0,0,0,1,1,0,0,1,0,0,0,0,0,0,0,0,0,1,0,0,0,0,0,0,0,0,0,0,0,0,0,0,0,0,0,0,0,0,0,0,0,14,4,0,0,0,0,0,0,0,0,4,0,3,0,0,0,2,1,0,0,0,0,9,0,0,2,0,0,0,0,0,0,0,0,0,0,0,0,2,0,1,0,17,4,0,0,0,0,0,0,0,0,0,0,0
HN,0,0,0,0,0,0,0,0,0,0,0,0,1,1,0,0,0,0,0,0,0,0,0,0,0,0,0,0,0,0,0,0,0,0,0,0,0,0,1,0,0,0,1,0,0,1,0,0,0,0,0,1,0,0,0,0,0,0,0,0,0,0,1,0,1,0,0,0,0,0,1,0,0,0,0,1,0,0,0,0,0,0,0,0,0,0,0,0,0,0,1,0,0,0,0,0,0,0,0,0,0,0,0,0,0,0,0,0,0,0,0,0,1,1,0,0,0,1,0,0,0,0,0,0,0,0,0,0,0,0,0,0,0,0,1,0,0,0,0,1,0,0,0,0,0,0,0,0,0,1,0,0,0,0,1,0,1,0,0,0,0,0,0,1,0,0,0
HR,0,0,0,16,10,0,7,254,10,4,20,0,327,0,129,0,0,0,1,1,5,0,9,0,13,0,0,170,0,2,0,10,3,0,0,0,95,158,397,0,181,0,0,1,102,5,240,394,0,141,5,328,0,0,14,0,0,0,1,2,0,0,146,3,184,54,3,0,1,42,378,0,0,1,6,1,0,0,2,0,0,0,1,0,1,0,100,72,88,0,0,0,19,16,0,0,30,0,0,0,0,44,0,0,0,1,3,1,0,0,0,0,278,151,0,1,0,0,1,0,2,0,223,0,221,0,0,154,68,7,0,0,0,0,184,0,149,121,0,0,0,1,0,0,0,3,0,0,4,70,6,0,34,0,303,26,3,0,0,2,0,1,0,9,0,0,0
HU,0,0,0,19,12,0,9,384,15,6,18,0,532,4,163,0,0,0,2,0,15,2,10,0,33,1,0,301,0,6,1,31,7,0,0,0,92,270,738,0,274,0,1,3,137,6,348,643,2,265,4,583,0,1,18,5,0,0,1,2,1,146,0,4,249,119,4,0,0,33,645,0,0,2,11,8,1,0,5,0,0,6,0,0,0,0,140,86,120,0,4,0,25,18,0,0,32,0,0,0,0,45,0,0,0,3,3,1,1,0,2,0,520,225,1,2,0,1,0,0,4,0,326,1,307,0,1,227,82,16,1,0,0,0,358,0,181,161,0,5,0,0,0,0,0,5,0,0,5,109,10,1,53,3,582,55,7,0,0,6,0,3,0,16,0,1,0
ID,0,0,0,0,0,0,1,7,2,0,1,0,9,0,1,0,0,0,0,0,2,0,0,0,2,0,0,5,0,0,0,4,1,1,0,0,1,3,17,0,2,0,0,0,2,0,7,10,3,4,0,9,0,0,0,1,0,0,0,0,0,3,4,0,2,1,2,0,0,0,10,0,0,0,1,0,0,0,2,0,0,0,0,0,0,0,0,1,2,0,0,0,0,0,0,0,0,0,1,0,0,0,0,0,0,0,2,0,0,0,0,0,9,5,0,0,0,0,1,0,3,0,4,0,6,0,0,2,1,4,0,0,0,0,5,0,1,3,0,0,0,0,0,0,0,2,0,0,0,4,1,0,1,0,9,3,0,0,0,3,0,0,0,3,0,0,0
IE,1,0,0,18,9,1,16,482,26,6,16,2,812,4,183,0,1,1,0,0,30,4,8,0,45,0,0,438,2,6,3,38,5,1,0,2,192,297,1103,0,436,0,1,1,177,10,552,1024,4,385,9,913,0,0,19,8,2,2,0,9,1,184,249,2,0,164,5,1,1,61,962,1,1,2,13,10,0,0,15,1,0,2,0,0,1,1,147,127,130,0,6,1,28,13,1,0,23,0,0,0,0,65,1,0,6,1,2,1,1,1,1,1,763,380,0,7,0,1,5,0,2,1,388,0,482,0,0,273,99,19,1,0,0,0,494,0,202,144,1,5,0,0,1,0,0,5,0,0,13,146,11,4,40,8,1018,90,9,0,0,5,0,2,0,47,1,0,0
IL,0,0,0,17,11,0,9,247,8,6,10,1,388,0,92,0,0,0,0,0,8,0,8,1,28,0,0,244,0,5,1,13,1,2,0,0,101,139,608,0,168,0,2,0,83,14,308,547,2,152,3,489,0,0,14,1,3,0,2,3,0,54,119,1,164,0,8,1,0,29,520,0,0,3,5,3,0,0,5,1,0,1,0,0,1,0,47,67,73,0,9,0,23,12,1,0,22,0,0,1,0,24,0,0,0,4,0,0,2,0,0,0,392,168,0,3,0,1,1,0,1,0,198,2,228,1,0,149,46,12,0,0,0,0,224,2,91,75,0,1,0,0,0,0,0,2,0,0,9,101,13,1,24,1,488,53,3,0,0,0,0,4,0,17,0,0,0
IN,0,0,0,0,0,0,5,15,2,0,0,1,24,0,2,0,0,0,0,0,8,0,0,0,7,0,1,13,0,1,0,14,0,0,0,0,6,2,33,0,11,0,0,0,3,0,14,28,0,8,0,24,1,0,1,0,0,1,0,0,0,3,4,2,5,8,0,0,0,1,26,0,0,0,7,1,0,0,5,0,0,1,0,1,0,0,3,2,2,0,2,0,0,0,0,0,1,0,0,1,0,0,1,0,0,3,1,0,0,0,0,0,29,11,0,1,0,0,0,0,1,1,7,0,8,1,0,4,2,8,0,0,0,0,9,1,3,4,1,0,0,0,0,0,0,2,0,0,0,2,4,1,0,2,34,9,0,0,0,2,0,0,0,7,0,0,0
IQ,0,0,0,1,0,0,0,2,0,0,3,0,4,0,1,0,0,0,0,0,0,0,0,0,0,0,0,0,0,0,0,0,0,0,0,0,0,0,7,0,3,0,0,0,0,2,4,3,0,2,0,5,0,0,2,0,0,0,0,0,0,0,0,0,1,1,0,0,1,0,6,0,0,2,0,0,0,0,0,0,0,3,0,0,0,0,0,0,0,0,1,0,0,0,0,0,0,0,0,0,0,0,0,0,0,0,0,0,0,0,0,0,0,2,0,0,0,0,0,0,0,0,2,1,0,0,0,0,3,0,0,0,0,0,2,0,2,1,0,2,0,0,0,0,0,0,0,0,1,3,0,0,1,0,4,0,0,0,0,0,0,4,0,0,0,0,1
IR,0,0,0,0,0,0,1,1,0,0,0,0,5,0,2,0,0,0,0,0,1,0,0,0,0,0,0,0,0,0,0,1,1,0,0,0,1,1,6,0,1,0,0,0,0,1,2,5,0,0,0,3,0,0,0,0,0,0,0,0,0,1,0,0,1,0,0,1,0,0,4,0,0,1,0,0,0,0,0,0,0,1,0,0,0,0,0,1,0,0,0,0,0,0,0,0,0,0,0,0,0,0,0,0,0,0,0,0,0,0,0,0,2,1,0,0,0,0,0,0,0,0,1,1,2,0,0,0,0,0,0,0,0,0,1,0,2,0,0,0,0,0,0,0,0,0,0,0,0,0,0,0,0,0,5,1,1,0,0,0,0,0,0,0,0,0,0
IS,0,0,0,5,2,0,7,66,7,0,5,0,95,0,29,0,0,0,0,0,8,1,3,0,20,0,0,66,0,1,0,3,1,1,0,1,35,52,136,0,76,0,0,0,40,5,59,117,2,66,16,111,0,0,4,0,0,5,1,2,0,42,33,0,61,29,1,0,0,0,122,0,0,0,4,0,0,0,3,0,0,0,0,0,0,0,24,25,30,0,1,0,8,4,1,0,8,0,0,0,1,10,0,0,0,3,0,0,0,0,0,0,93,101,0,4,0,0,0,0,1,0,64,0,70,0,0,41,13,12,0,1,1,0,79,0,42,25,0,1,0,0,0,0,0,0,0,0,2,34,2,0,10,0,124,20,3,0,0,3,0,0,0,9,0,0,0
IT,1,0,1,28,12,0,38,1534,73,10,36,4,2575,12,418,1,0,5,2,1,51,3,15,1,116,0,1,1519,3,23,7,111,28,7,3,2,434,804,4127,1,1089,1,8,6,371,31,1830,3652,23,1081,14,3316,3,0,35,24,4,8,2,13,1,378,645,10,962,520,26,6,4,122,0,0,5,10,46,41,2,1,36,1,0,18,2,3,2,0,294,296,258,1,32,1,38,22,2,0,52,2,1,1,0,115,0,0,4,19,9,11,4,4,9,1,2568,959,2,16,1,2,12,2,7,3,1173,5,1289,1,1,706,244,66,5,3,0,1,1491,3,606,326,1,26,0,1,0,1,2,15,1,0,42,453,38,19,115,21,3296,245,15,0,1,15,1,6,0,89,7,3,1
JE,0,0,0,0,0,0,0,1,0,0,0,0,1,0,0,0,0,0,0,0,0,0,0,0,0,0,0,0,0,0,0,0,0,0,0,0,0,0,1,0,0,0,0,0,0,0,0,0,0,0,0,1,0,0,0,0,0,0,0,0,0,0,0,0,1,0,0,0,0,0,0,0,0,0,0,0,0,0,0,0,0,0,0,0,0,0,0,0,0,0,0,0,0,0,0,0,0,0,0,0,0,0,0,0,0,0,0,0,0,0,0,0,1,0,0,0,0,0,0,0,0,0,0,0,0,0,0,0,0,0,0,0,0,0,0,0,0,0,0,0,0,0,0,0,0,0,0,0,0,0,0,0,0,0,1,0,0,0,0,0,0,0,0,0,0,0,0
JM,0,0,0,0,0,0,2,2,0,0,0,0,0,0,0,0,0,0,0,0,2,0,0,0,0,0,0,0,0,3,0,0,1,1,1,0,0,2,4,0,2,0,0,1,1,0,1,6,0,1,0,5,0,0,0,1,0,0,1,0,0,0,0,0,1,0,0,0,0,0,5,0,0,0,0,0,0,0,0,0,0,0,0,0,0,0,0,0,0,0,0,0,0,0,0,0,0,0,0,0,0,0,0,0,0,2,0,0,0,0,0,0,4,2,0,0,0,0,2,0,0,0,0,0,4,0,0,0,0,0,0,0,0,0,2,0,1,0,0,0,0,0,0,0,0,0,0,0,0,0,0,0,0,0,4,1,0,0,0,0,0,0,0,1,0,0,0
JO,0,0,0,1,1,0,1,7,0,0,3,0,6,0,2,0,0,0,0,0,0,0,0,0,0,0,0,5,0,0,0,0,0,0,0,0,4,1,13,0,3,0,1,0,1,6,6,11,1,3,0,12,0,0,2,0,0,0,0,0,0,1,2,0,2,3,0,2,1,0,10,0,0,0,0,0,0,0,0,0,0,4,0,0,0,0,0,0,1,1,3,0,1,1,0,0,3,0,0,0,0,1,0,0,0,0,0,0,0,0,0,0,3,2,0,0,0,0,0,0,0,1,4,2,1,0,0,3,2,0,0,0,0,0,4,0,4,0,0,0,0,0,0,0,0,0,0,0,4,7,0,1,0,0,10,0,0,0,0,0,0,2,0,0,0,0,0
JP,0,0,0,0,0,0,1,27,5,1,0,0,43,0,4,0,0,0,0,0,4,0,0,0,9,0,0,30,0,0,0,14,1,0,0,0,5,17,68,0,22,0,0,0,2,0,24,51,0,25,0,58,0,0,0,0,0,4,0,1,0,6,11,1,13,5,7,0,0,4,46,0,0,0,0,0,0,0,12,0,0,0,0,0,0,0,6,0,3,0,0,0,0,0,0,0,0,0,0,0,0,2,0,0,0,1,0,1,0,0,0,0,34,18,0,2,0,0,0,0,0,0,15,0,11,0,0,5,2,8,0,0,0,0,28,2,11,6,0,0,0,0,0,0,0,1,0,0,0,3,4,0,9,0,49,23,1,0,0,1,0,0,0,3,0,0,0
KE,0,0,0,0,0,0,1,15,2,0,0,0,30,10,1,0,1,3,0,0,1,3,0,0,0,1,0,17,5,1,4,2,1,1,1,3,0,5,38,1,15,0,4,1,2,6,15,33,18,10,0,31,0,0,1,16,0,0,0,1,1,1,8,0,10,3,1,0,0,0,41,0,0,0,0,0,0,0,0,0,0,1,0,1,0,1,2,0,2,0,5,0,1,0,2,0,1,1,0,0,0,2,1,0,5,1,0,5,0,2,7,0,35,19,1,1,0,1,0,0,1,0,4,1,13,0,0,3,2,1,9,0,0,2,19,0,4,1,2,13,0,0,1,1,1,1,0,0,7,5,0,16,0,19,40,0,2,0,0,1,0,0,0,27,7,2,0
KG,0,0,0,0,0,0,0,3,0,0,0,0,5,0,1,0,0,0,0,0,1,0,0,0,0,0,0,2,0,1,0,0,1,0,0,0,0,1,5,0,1,0,0,1,0,0,3,3,1,1,0,3,0,1,1,1,0,0,0,0,0,0,1,0,0,0,0,0,0,0,2,0,0,0,0,0,0,0,1,0,2,0,0,2,0,0,0,0,1,0,1,0,1,0,0,0,0,0,0,0,0,1,0,0,0,1,0,0,0,0,0,0,3,1,1,0,0,0,0,0,0,0,2,0,2,0,0,0,0,0,0,0,0,0,1,0,0,0,0,0,0,0,0,0,0,1,2,1,0,0,0,0,0,1,5,1,1,2,0,1,0,0,0,1,0,0,0
KH,0,0,0,0,0,0,0,0,0,0,0,0,3,0,0,0,0,0,0,0,1,0,0,0,0,0,0,1,0,0,0,1,1,0,1,0,0,0,2,0,0,0,0,1,0,0,0,2,1,0,0,1,0,0,0,0,0,0,0,0,0,0,0,0,0,0,0,0,0,0,1,0,0,0,0,0,0,0,0,0,0,0,0,0,0,0,0,0,0,0,0,0,0,0,0,0,0,0,0,0,0,0,0,0,0,1,0,1,1,0,0,0,2,1,0,0,0,0,1,1,0,0,0,0,2,0,0,0,0,0,0,0,0,0,0,0,1,0,0,1,0,0,0,0,0,0,0,0,0,0,0,0,0,1,2,0,0,0,0,0,0,0,0,0,0,0,0
KR,0,0,0,0,2,0,2,16,4,0,2,0,36,1,10,0,0,0,0,0,7,1,0,0,8,0,0,24,0,2,0,16,3,0,1,0,9,11,50,0,14,0,0,1,2,0,29,40,1,21,1,42,0,1,1,1,0,2,0,1,0,2,5,2,15,5,5,0,0,3,36,0,0,0,12,0,1,0,0,0,0,0,0,0,0,0,7,4,5,0,0,0,0,0,1,0,0,0,0,0,0,0,0,0,0,3,0,0,0,0,0,0,31,14,0,0,0,0,0,0,0,0,10,0,15,0,0,7,2,6,0,0,0,0,20,0,2,4,0,1,0,0,0,0,0,1,0,0,1,6,2,0,3,0,42,17,1,0,0,1,0,0,0,9,0,0,0
KW,0,0,0,0,0,0,0,0,0,0,0,0,1,0,0,0,0,0,0,0,0,0,0,0,0,0,0,1,0,0,0,0,0,0,0,0,0,0,1,0,1,0,0,0,0,0,0,1,0,0,0,1,0,0,0,0,0,0,0,0,0,0,0,0,1,1,0,0,0,0,1,0,0,0,0,0,0,0,0,0,0,0,0,0,0,0,0,0,0,0,0,0,0,0,0,0,0,0,0,0,0,0,0,0,0,0,0,0,0,0,0,0,1,0,0,0,0,0,0,0,0,0,0,0,0,0,0,0,0,0,0,0,0,0,1,0,0,0,0,0,0,0,0,0,0,0,0,0,0,0,0,0,0,0,1,1,0,0,0,0,0,0,0,0,0,0,0
KZ,0,0,0,0,0,0,0,1,0,0,0,0,3,0,0,0,0,0,0,0,0,0,0,0,0,0,0,1,0,0,0,0,0,0,0,0,0,0,3,0,0,0,0,0,0,0,0,2,0,0,0,1,0,0,0,0,0,0,0,0,0,0,0,0,0,0,0,0,0,0,0,0,0,0,0,0,2,0,0,0,0,0,0,1,0,0,0,0,1,0,0,0,0,0,0,0,0,0,0,0,0,0,0,0,0,0,0,0,0,0,0,0,0,0,0,0,0,0,0,0,0,0,1,0,0,0,0,0,0,0,0,0,0,0,0,1,1,0,0,0,0,0,0,0,0,0,1,1,0,1,0,0,0,0,2,0,0,2,0,0,0,0,0,0,0,0,0
LB,0,0,0,0,0,0,1,4,0,0,2,0,10,0,3,0,0,0,0,0,0,0,0,0,2,0,0,4,0,0,0,0,0,0,0,0,2,3,16,0,6,0,1,0,2,5,12,16,1,4,0,15,0,0,0,0,0,0,0,0,0,0,6,0,2,1,1,3,1,0,18,0,0,4,0,1,0,0,0,0,0,0,0,0,0,0,0,0,0,1,4,0,0,0,0,0,0,0,0,0,0,1,0,0,0,0,1,0,0,0,0,0,6,5,0,0,0,0,0,0,0,0,7,3,6,0,1,4,0,2,0,0,0,0,6,0,5,3,0,0,0,0,0,0,0,0,0,0,5,8,0,0,2,0,14,1,0,0,0,0,0,1,0,0,0,0,0
LI,0,0,0,0,0,0,0,1,0,0,0,0,1,0,0,0,0,0,0,0,0,0,0,0,0,0,0,1,0,0,0,0,0,0,0,0,0,1,2,0,0,0,0,0,1,0,1,1,0,2,0,1,0,0,0,0,0,0,0,0,0,1,0,0,0,0,0,0,0,0,2,0,0,0,0,0,0,0,0,0,0,0,0,0,0,0,2,0,1,0,0,0,0,0,0,0,0,0,0,0,0,0,0,0,0,0,0,0,0,0,0,0,1,0,0,0,0,0,0,0,0,0,1,0,1,0,0,0,0,0,0,0,0,0,1,0,1,1,0,0,0,0,0,0,0,0,0,0,0,1,0,0,1,0,1,0,0,0,0,0,0,0,0,0,0,0,0
LK,0,0,0,0,0,0,0,2,1,0,0,0,2,0,0,0,0,0,0,0,0,0,0,0,0,0,0,2,0,0,0,0,0,0,0,0,0,0,2,0,1,0,0,0,0,0,1,1,2,1,0,0,0,0,1,0,0,0,0,0,0,0,0,0,0,0,1,0,0,0,3,0,0,0,0,1,2,0,0,0,1,0,0,0,0,0,0,0,0,0,1,0,1,0,0,0,0,0,0,0,0,0,0,0,0,0,0,1,0,0,0,0,2,0,1,0,0,0,0,0,0,1,0,0,0,0,0,0,0,0,0,0,0,0,0,0,0,0,0,0,0,0,0,0,0,1,1,0,0,0,0,0,0,0,3,0,0,1,0,0,0,0,0,0,1,0,0
LR,0,0,0,0,0,0,0,0,0,0,0,0,1,0,0,0,0,0,0,0,0,0,0,0,0,0,0,0,0,0,0,0,0,0,0,0,2,0,2,0,0,0,0,0,0,0,2,2,0,1,0,2,0,0,0,0,0,0,0,0,0,1,0,0,1,1,0,0,0,0,2,0,0,0,0,0,0,0,0,0,0,0,0,0,0,0,0,0,0,0,0,0,0,0,0,0,0,0,0,0,0,1,0,0,0,0,0,0,0,0,0,0,1,2,0,0,0,0,0,0,0,0,0,0,1,0,0,0,0,0,0,0,0,0,1,0,0,0,0,0,0,0,0,0,0,0,0,0,0,0,0,0,0,0,2,0,0,0,0,0,0,0,0,0,0,0,0
LS,0,0,0,0,0,0,0,0,0,0,0,0,0,0,0,0,1,0,0,0,0,1,0,0,0,0,0,0,0,0,1,0,0,0,0,0,0,0,0,0,0,0,0,0,0,1,0,0,1,0,0,0,0,0,0,0,0,0,0,0,0,0,0,0,1,0,0,0,0,0,0,0,0,0,0,1,0,0,0,0,0,0,0,0,0,0,0,0,0,0,0,0,0,0,0,0,0,0,0,0,0,0,1,0,1,0,0,1,0,0,0,0,0,0,0,0,0,0,0,0,0,0,0,0,0,0,0,0,0,0,0,0,0,0,0,0,0,0,0,1,0,0,1,0,0,0,0,0,1,0,0,1,0,1,0,0,0,0,0,0,0,0,0,1,0,0,0
LT,0,0,0,10,8,0,4,196,9,6,7,1,280,0,100,0,0,0,1,0,5,1,6,0,18,0,0,150,0,0,1,7,4,0,0,0,73,169,357,0,154,0,0,1,105,1,184,290,2,153,3,281,0,0,9,0,0,0,0,0,0,100,140,0,147,47,3,0,0,24,294,0,0,0,6,2,0,0,7,0,0,0,2,0,0,0,0,66,104,0,4,0,17,11,0,0,21,0,0,0,0,37,0,0,0,0,2,0,2,0,0,0,251,138,0,2,0,0,2,0,0,0,203,0,164,0,0,128,50,13,0,0,0,0,175,0,100,127,0,0,0,0,0,0,0,0,0,0,5,55,9,0,37,1,282,28,4,0,0,0,0,0,0,8,0,0,0
LU,0,0,0,11,11,0,4,176,3,5,11,0,287,0,76,0,0,0,0,0,6,0,6,0,9,0,1,154,0,1,1,7,2,0,0,1,103,98,368,0,118,0,0,0,77,1,245,309,2,132,2,305,1,0,10,1,1,0,1,0,0,72,86,1,127,67,2,0,1,25,296,0,0,0,0,0,0,0,4,0,0,0,0,0,0,0,66,0,63,0,2,0,14,11,0,0,14,0,0,0,0,36,0,0,0,2,0,0,0,0,0,0,234,107,0,0,0,0,0,0,0,0,124,0,163,0,0,92,43,4,0,0,0,0,148,1,95,71,0,1,0,0,0,0,1,0,0,0,2,53,2,0,19,0,285,24,3,0,0,0,0,0,0,7,1,0,0
LV,0,0,0,12,9,0,8,186,2,5,9,1,242,0,110,0,0,0,0,0,5,0,6,0,15,0,0,125,0,1,1,3,4,0,0,1,68,145,318,0,126,0,0,0,116,1,172,262,2,156,2,247,0,0,15,2,0,0,1,1,0,88,120,2,130,73,2,0,0,30,258,0,0,1,3,2,1,0,5,0,1,0,1,0,0,0,104,63,0,0,3,0,13,9,0,0,22,0,0,0,0,41,0,0,0,1,0,0,1,0,0,0,216,131,0,0,0,0,1,0,0,1,195,0,177,0,0,137,40,9,0,0,0,0,169,0,123,105,0,0,0,0,0,0,0,1,1,1,6,81,12,1,33,0,223,7,3,1,0,0,0,1,0,11,0,0,0
LY,0,0,0,0,0,0,0,0,0,0,0,0,1,0,0,0,0,0,0,0,0,0,0,0,0,0,0,0,0,0,0,0,0,0,0,0,0,0,1,0,0,0,1,0,0,1,1,1,0,0,0,1,0,0,0,0,0,0,0,0,0,0,0,0,0,0,0,0,0,0,1,0,0,1,0,0,0,0,0,0,0,1,0,0,0,0,0,0,0,0,1,0,0,0,0,0,0,0,0,0,0,0,0,0,0,0,0,0,0,0,0,0,0,0,0,0,0,0,0,0,0,0,0,1,0,0,0,0,0,0,0,0,0,0,0,0,0,0,0,0,0,0,0,0,0,0,0,0,1,1,0,0,0,0,0,0,0,0,0,0,0,0,0,0,0,0,0
MA,0,0,0,2,1,0,1,9,1,1,2,0,19,2,7,0,0,1,0,0,2,1,0,0,0,0,0,11,0,1,1,1,1,0,0,1,5,3,28,1,8,0,5,0,3,12,12,34,3,5,1,30,0,0,0,2,0,0,0,0,1,0,4,0,6,9,2,1,0,1,32,0,0,3,0,5,1,0,0,0,0,4,0,1,0,0,4,2,3,1,0,0,3,1,1,0,3,0,0,0,1,3,0,0,1,0,1,2,0,0,2,0,16,10,1,0,0,1,0,0,0,0,7,2,13,0,1,11,3,1,2,0,1,0,8,0,4,1,0,7,0,0,0,0,2,1,1,0,14,14,1,4,0,3,21,0,1,0,0,0,0,3,0,6,1,0,0
MC,0,0,0,0,0,0,0,0,0,0,0,0,1,0,0,0,0,0,0,0,0,0,0,0,0,0,0,1,0,0,0,0,0,0,0,0,0,0,1,0,0,0,0,0,0,0,0,0,0,1,0,1,0,0,0,0,0,0,0,0,0,0,0,0,1,0,0,0,0,0,1,0,0,0,0,0,0,0,0,0,0,0,0,0,0,0,0,0,0,0,0,0,0,0,0,0,0,0,0,0,0,0,0,0,0,0,0,0,0,0,0,0,1,0,0,0,0,0,0,0,0,0,0,0,1,0,0,0,0,0,0,0,0,0,1,0,0,0,0,0,0,0,0,0,0,0,0,0,0,0,0,0,0,0,1,0,0,0,0,0,0,0,0,0,0,0,0
MD,0,0,0,10,11,0,3,27,0,6,7,0,40,0,24,0,0,0,0,0,3,0,9,0,2,0,0,22,0,0,0,0,0,0,0,0,26,22,43,0,18,0,0,0,23,5,35,44,1,20,2,46,0,0,18,0,0,0,1,0,0,19,25,0,28,23,0,0,0,8,38,0,0,1,0,1,1,0,0,0,0,0,0,1,0,0,17,14,13,0,3,0,0,12,0,0,16,0,0,0,0,12,0,0,0,1,0,1,0,0,0,0,31,19,1,0,0,0,0,0,0,0,28,1,32,0,0,42,14,4,0,0,0,0,19,0,13,15,0,0,0,0,0,0,0,1,1,0,4,21,3,0,21,0,30,1,0,0,0,0,0,1,0,7,0,0,0
ME,0,0,0,12,7,0,0,15,1,5,10,0,19,0,18,0,0,0,0,0,0,0,5,0,2,0,0,14,0,0,0,1,1,0,0,0,13,12,20,0,11,0,0,0,11,2,23,25,0,9,2,22,0,0,9,0,0,0,0,0,0,16,18,0,13,12,0,0,0,4,22,0,0,1,0,0,0,0,0,0,0,0,0,0,0,0,11,11,9,0,1,0,12,0,0,0,19,0,0,0,0,8,0,0,0,0,0,0,0,0,0,0,19,7,0,0,0,0,0,0,0,0,16,1,22,0,0,20,20,1,0,0,0,0,10,0,17,10,0,0,0,0,0,0,0,0,0,0,0,11,0,0,5,0,24,1,0,0,0,0,0,3,0,1,0,0,0
MG,0,0,0,0,0,0,0,2,1,0,0,0,2,2,0,0,0,1,0,0,1,1,0,0,0,0,0,3,1,0,1,1,1,0,0,1,0,1,5,1,1,0,1,0,0,1,0,2,1,2,0,4,0,0,0,0,0,0,0,0,0,0,0,0,1,1,0,0,0,1,2,0,0,0,0,2,0,0,1,0,0,0,0,0,0,0,0,0,0,0,1,0,0,0,0,0,0,0,0,0,0,0,0,0,0,0,0,1,0,1,2,0,5,3,0,1,0,0,0,0,0,0,0,0,2,0,0,2,0,1,1,0,0,0,4,0,1,0,1,1,0,0,0,0,1,0,0,0,1,0,0,1,0,2,4,3,0,0,0,0,0,0,0,2,1,0,0
MH,0,0,0,0,0,0,0,0,0,0,0,0,0,0,0,0,0,0,0,0,0,0,0,0,0,0,0,0,0,0,0,0,0,0,0,0,1,0,1,0,0,0,0,0,0,0,1,0,0,0,0,1,0,0,0,0,0,0,0,0,0,0,0,0,0,0,0,0,0,0,0,0,0,0,0,0,0,0,0,0,0,0,0,0,0,0,0,0,0,0,0,0,0,0,0,0,0,0,0,0,0,0,0,0,0,0,0,0,0,0,0,0,0,1,0,0,0,0,0,0,0,0,0,0,0,0,0,0,0,0,0,0,0,0,0,0,0,0,0,0,0,0,0,0,0,0,0,0,0,0,0,0,0,0,1,0,0,0,0,0,0,0,0,0,0,0,0
MK,0,0,0,17,8,0,0,39,2,5,14,0,49,0,33,0,0,0,0,0,0,1,5,0,3,0,0,28,0,0,0,1,0,0,0,0,24,25,54,0,22,0,0,0,21,4,44,63,0,22,2,46,0,0,10,1,0,0,0,0,0,30,32,0,23,22,1,0,0,8,52,0,0,3,0,1,0,0,0,0,0,0,0,0,0,0,21,14,22,0,3,0,16,19,0,0,0,0,0,0,0,8,0,0,0,0,1,1,0,0,0,0,46,24,0,0,0,0,0,0,1,0,31,1,33,0,0,37,22,1,0,0,0,0,19,0,34,21,0,0,0,0,0,0,0,1,0,0,2,27,2,0,12,0,55,3,0,0,0,1,0,5,0,5,0,0,0
ML,0,0,0,0,0,0,0,1,0,0,0,0,2,2,0,0,0,0,0,0,0,0,0,0,0,0,0,3,0,0,0,0,0,0,0,0,0,1,4,0,0,0,0,0,0,0,1,2,1,0,0,4,0,0,1,1,0,0,0,0,0,0,0,0,0,0,0,0,0,0,2,0,0,0,0,1,0,0,0,0,0,0,0,0,0,0,0,0,0,0,0,0,0,0,0,0,0,0,0,0,0,0,0,0,0,0,0,0,1,0,1,0,3,1,0,0,0,0,0,0,0,0,0,0,0,0,0,0,1,0,0,0,0,0,1,0,0,0,0,3,0,0,0,0,0,1,0,0,0,0,0,0,1,1,4,0,0,0,0,0,0,0,1,1,0,0,0
MM,0,0,0,0,0,0,0,0,0,0,0,0,0,0,0,0,0,0,0,0,0,0,0,0,0,0,0,0,0,0,0,0,0,0,0,0,0,0,1,0,0,0,0,0,0,0,0,0,0,0,0,1,0,0,0,0,0,0,0,0,0,0,0,1,0,0,0,0,0,0,1,0,0,0,0,0,0,0,0,0,0,0,0,0,0,0,0,0,0,0,0,0,0,0,0,0,0,0,0,0,0,0,0,0,0,0,1,0,0,0,0,0,0,1,0,0,0,0,0,0,1,0,1,0,1,0,0,0,0,0,0,0,0,0,0,0,0,0,0,0,0,0,0,0,0,1,0,0,0,0,0,0,0,0,1,0,0,0,0,1,0,0,0,0,0,0,0
MN,0,0,0,0,0,0,0,0,0,0,0,0,0,0,0,0,0,0,0,0,0,0,0,0,0,0,0,1,0,0,0,1,0,0,0,0,1,0,1,0,1,0,0,0,0,0,0,1,0,0,0,0,0,0,0,0,0,0,0,0,0,0,0,0,0,1,1,0,0,0,1,0,0,0,0,0,0,0,0,0,0,0,0,0,0,0,0,0,0,0,0,0,0,0,0,0,0,0,0,0,0,0,0,0,0,1,0,0,0,0,0,0,0,0,0,0,0,0,0,0,0,0,0,0,0,1,0,0,0,0,0,0,0,0,0,0,0,0,0,0,0,0,0,0,0,0,0,0,0,0,0,0,0,0,1,0,0,0,0,0,0,0,0,0,0,0,0
MR,0,0,0,0,0,0,0,0,0,0,0,0,0,0,0,0,0,0,0,0,1,0,0,0,0,0,0,0,0,0,0,0,0,0,0,1,0,0,0,0,1,0,0,0,0,0,0,1,0,0,1,0,0,0,0,0,0,0,0,0,0,0,0,0,0,0,0,0,0,1,0,0,0,0,0,0,0,0,0,0,0,0,0,0,0,0,0,0,0,0,1,0,0,0,0,0,0,0,0,0,0,0,0,0,0,0,0,0,0,0,0,0,0,1,0,0,0,0,0,0,0,0,0,0,1,0,0,0,0,0,0,0,1,0,0,0,0,0,0,1,0,0,0,0,0,0,0,0,0,0,0,0,0,0,1,0,0,0,0,0,0,0,0,0,0,0,0
MT,0,0,0,8,6,0,1,68,2,5,6,2,86,0,48,0,0,0,0,0,1,0,7,0,3,0,0,39,0,1,0,4,0,0,0,0,51,44,108,0,54,0,0,0,40,1,94,108,1,52,2,98,0,0,9,0,0,0,0,0,0,44,45,0,65,24,0,0,0,10,115,0,0,1,2,2,1,0,0,0,0,1,0,0,1,0,37,36,41,0,3,0,12,8,0,0,8,0,0,0,0,0,0,0,0,1,0,0,0,0,0,0,89,52,0,0,0,0,0,0,1,0,54,0,69,0,0,53,24,3,0,0,0,0,57,0,43,36,0,1,0,0,0,0,0,1,0,0,4,27,0,2,10,3,104,3,2,0,0,0,1,0,0,2,0,0,0
MU,0,0,0,0,0,0,0,0,0,0,0,0,2,0,0,0,1,0,0,0,0,1,0,0,0,0,0,1,0,0,1,0,0,0,0,0,0,0,1,0,0,0,0,0,1,1,0,1,1,0,0,2,0,0,0,0,0,0,0,0,0,0,0,0,1,0,1,0,0,0,0,0,0,0,0,1,0,0,0,0,0,0,0,0,0,1,0,0,0,0,0,0,0,0,0,0,0,0,0,0,0,0,0,0,1,0,0,1,0,0,1,0,1,0,0,0,0,0,0,0,0,0,1,0,0,0,0,0,0,0,1,0,0,0,0,0,0,0,0,1,0,0,1,0,0,0,0,0,1,0,0,1,0,1,0,0,0,0,0,0,0,0,0,1,0,0,0
MV,0,0,0,0,0,0,0,0,0,0,0,0,1,0,0,0,0,0,0,0,0,0,0,0,0,0,0,1,0,0,0,0,0,0,0,0,0,0,1,0,1,0,0,0,0,0,0,0,0,0,0,1,0,0,0,0,0,1,0,0,0,0,0,0,0,0,0,0,0,0,0,0,0,0,0,0,0,0,0,0,0,0,0,0,0,0,0,0,0,0,0,0,0,0,0,0,0,0,0,0,0,0,0,0,0,0,0,0,0,0,0,0,1,1,0,0,0,0,0,0,0,0,0,0,0,0,0,0,0,0,0,0,0,0,0,0,0,0,0,0,0,0,0,0,0,0,0,0,0,0,0,0,0,0,1,0,0,0,0,0,0,0,0,0,0,0,0
MW,0,0,0,0,0,0,0,1,0,0,0,0,4,1,0,0,1,1,0,0,0,1,0,0,0,0,0,4,0,0,1,0,0,0,0,0,0,0,3,0,1,0,0,0,0,1,0,3,5,0,0,1,0,0,0,5,0,0,0,0,0,0,0,0,6,0,0,0,0,0,4,0,0,0,0,5,0,0,0,0,0,0,0,0,0,1,0,0,0,0,1,0,0,0,0,0,0,0,0,0,0,0,1,0,0,1,0,2,0,1,0,0,6,4,0,1,0,0,0,0,0,1,0,0,0,0,0,0,0,0,2,0,0,0,2,0,0,0,0,1,0,0,1,0,0,0,0,0,2,2,0,5,0,4,8,0,0,0,0,0,0,0,0,7,1,0,0
MX,0,0,0,0,1,0,10,3,1,0,0,0,11,0,2,0,0,0,0,0,10,0,1,0,2,0,0,10,0,8,0,3,6,4,2,0,3,4,23,0,8,0,0,5,1,0,3,24,1,6,0,19,0,1,1,2,0,0,2,0,0,1,3,0,1,4,3,0,0,3,19,0,2,0,1,1,1,1,3,0,0,0,0,0,0,0,0,2,1,0,0,0,1,0,0,0,0,0,0,1,0,1,0,0,1,0,0,0,1,0,0,0,13,5,0,1,0,0,4,1,0,0,5,0,14,2,0,3,0,0,1,0,0,0,2,0,2,1,0,1,0,0,0,0,0,0,0,0,0,2,0,1,0,0,16,5,4,0,0,0,0,0,0,5,0,0,0
MY,0,0,0,0,0,0,0,5,1,0,0,0,6,0,5,0,0,0,0,0,0,0,0,0,0,0,0,5,0,0,0,0,0,0,0,0,2,2,10,0,2,0,0,0,2,0,5,9,0,4,0,8,0,0,0,0,0,0,0,0,0,3,3,2,2,0,1,0,0,0,9,0,0,0,0,0,0,0,0,0,0,1,0,0,0,0,2,0,0,0,1,0,0,0,0,0,1,0,1,0,0,0,0,0,0,0,0,0,0,0,0,0,5,3,0,0,0,0,0,0,3,0,6,0,4,0,0,1,1,0,0,0,0,0,3,0,2,2,0,0,0,0,0,0,0,4,0,0,0,3,3,0,0,0,11,1,0,0,0,4,0,0,0,0,0,0,0
MZ,0,0,0,0,0,0,0,4,0,0,0,0,9,2,1,0,1,1,0,0,0,3,0,0,0,0,0,7,2,0,3,0,1,0,0,0,0,1,10,1,1,0,2,0,0,3,2,13,6,2,0,6,0,0,1,3,0,0,0,0,0,1,1,0,1,0,0,0,0,0,11,0,0,0,1,5,0,1,0,0,0,0,0,1,0,1,0,0,0,0,2,0,1,0,1,0,1,0,0,0,0,0,1,0,2,0,0,0,0,2,2,0,5,1,0,0,0,0,0,0,0,0,0,0,4,0,0,2,0,0,2,0,0,1,5,0,1,0,0,4,0,0,1,1,1,0,0,0,3,1,0,4,1,6,9,1,0,0,0,0,0,0,0,10,3,1,0
NC,0,0,0,0,0,0,1,1,0,0,0,0,3,1,1,0,0,0,0,0,1,0,0,0,0,0,0,4,0,0,0,1,1,0,1,0,0,1,5,0,0,0,0,1,2,0,1,4,0,1,0,8,0,0,0,0,0,0,0,0,0,0,1,0,1,2,0,0,0,0,4,0,0,0,0,0,0,1,0,0,0,0,0,0,0,0,2,0,1,0,0,0,0,0,0,0,0,1,0,0,0,0,0,0,0,1,0,0,0,0,0,0,5,3,0,0,0,0,1,3,0,0,2,0,3,0,0,2,1,1,0,0,0,0,1,0,1,1,0,2,0,0,0,0,0,0,0,0,0,2,0,0,0,0,4,0,0,0,0,0,0,0,0,0,0,0,0
NE,0,0,0,0,0,0,0,1,0,0,0,0,1,1,0,0,0,0,0,0,0,0,0,0,0,0,0,3,1,0,0,0,0,0,0,1,0,0,2,0,0,0,0,0,0,1,1,4,1,1,0,2,0,0,0,2,0,0,0,0,0,0,0,0,1,0,0,0,0,0,4,0,0,0,0,2,0,0,0,0,0,0,0,0,0,0,0,0,0,0,0,0,0,0,1,0,0,0,0,0,0,0,0,0,1,0,0,2,0,0,1,0,2,1,0,0,0,0,0,0,0,0,0,0,1,0,0,0,0,0,1,0,0,0,3,0,0,0,1,0,0,0,0,0,0,0,0,0,2,0,0,0,0,1,2,0,0,0,0,0,0,0,0,2,0,0,0
NG,0,0,0,0,0,0,2,5,1,0,0,0,9,5,0,0,1,2,0,0,2,1,0,0,0,1,0,5,0,0,1,2,1,1,1,0,0,1,11,1,2,0,3,0,1,4,4,9,4,5,0,11,0,0,0,7,0,0,0,0,0,0,2,0,1,0,0,0,0,0,9,0,0,0,0,7,0,0,0,0,0,0,0,0,0,0,0,0,0,0,2,0,0,0,2,0,0,1,0,0,0,0,1,0,0,0,0,2,0,1,0,0,7,2,0,1,0,0,0,0,0,0,1,0,8,0,0,2,1,1,2,0,0,1,3,0,2,0,0,5,0,0,0,0,1,0,0,0,2,1,0,5,1,6,8,1,0,0,0,0,0,0,0,9,3,1,0
NI,0,0,0,0,0,0,0,0,0,0,0,0,0,0,0,0,0,0,0,0,0,0,0,0,0,0,0,0,0,0,1,0,0,0,0,0,0,0,1,0,1,0,0,0,0,0,0,0,0,0,0,1,0,0,0,0,0,0,0,0,0,0,0,0,1,0,0,0,0,0,1,0,0,0,0,0,0,0,0,0,0,0,0,0,0,0,0,0,0,0,0,0,0,0,0,0,0,0,0,0,0,0,0,0,0,0,0,0,0,0,0,0,1,0,0,0,0,0,0,0,0,0,0,0,1,0,0,0,0,0,0,0,0,0,0,0,0,0,0,0,0,0,0,0,0,0,0,0,0,0,0,0,0,0,0,1,0,0,0,1,0,0,0,0,0,0,0
NL,0,1,0,23,12,0,30,1224,77,9,19,6,2194,12,283,1,0,4,3,1,39,5,11,1,99,2,1,1272,5,20,7,91,23,3,3,1,255,616,3270,1,1062,0,6,10,307,15,1174,2545,16,914,12,2490,3,1,19,24,3,6,1,14,1,278,520,9,763,392,29,0,2,93,2568,1,4,3,34,35,3,2,31,1,0,6,1,2,1,0,251,234,216,0,16,1,31,19,5,0,46,3,0,0,0,89,1,1,6,13,5,5,5,2,7,1,0,866,3,14,1,2,9,2,5,4,863,0,928,1,0,505,178,48,9,1,0,0,1301,3,436,238,3,20,1,1,1,0,2,9,0,0,22,293,24,12,80,20,2727,249,10,0,0,8,0,8,1,76,4,1,0
NO,0,1,3,10,5,1,14,493,32,3,11,3,813,4,153,0,0,3,1,1,26,3,5,1,70,1,0,454,2,10,2,44,8,2,2,5,142,283,1188,1,522,0,3,2,182,11,494,1001,11,445,20,964,0,0,12,12,2,13,1,4,1,151,225,5,380,168,11,2,1,101,959,0,2,2,18,19,1,1,14,0,0,5,0,0,2,0,138,107,131,0,10,0,19,7,3,1,24,1,1,0,1,52,0,1,4,5,3,1,3,1,2,0,866,0,0,7,0,2,4,1,5,4,381,1,424,0,0,239,66,28,3,2,1,0,594,1,188,147,2,11,0,1,1,0,2,6,0,0,14,164,16,8,34,9,1011,96,8,0,0,8,0,2,0,48,2,0,1
NP,0,0,0,0,0,0,0,2,0,0,0,1,1,0,0,0,0,0,0,0,0,0,0,0,0,0,0,1,1,1,0,1,1,0,0,0,0,1,4,0,1,0,0,1,0,0,0,1,1,1,0,1,0,0,0,0,0,0,0,0,0,0,1,0,0,0,0,0,0,0,2,0,0,0,0,1,1,0,0,0,0,0,0,1,0,0,0,0,0,0,1,0,1,0,0,0,0,0,0,0,0,0,0,0,0,0,0,0,0,0,0,0,3,0,0,0,0,0,0,0,1,1,1,0,0,0,0,0,0,0,1,0,0,0,2,0,0,0,0,0,0,0,0,0,0,1,1,0,0,0,0,1,0,0,3,0,1,0,0,1,0,0,0,0,0,0,0
NZ,0,0,0,0,0,0,2,8,7,0,0,0,10,1,2,0,0,0,0,0,4,0,0,0,5,0,0,10,0,0,0,5,1,0,0,0,0,3,13,0,5,0,0,0,3,0,5,13,0,7,2,14,0,0,0,1,0,1,0,0,0,1,2,0,7,3,1,0,0,4,16,0,0,0,2,1,0,0,0,0,0,0,0,0,0,0,2,0,0,0,0,0,0,0,1,0,0,0,0,0,0,0,0,0,1,1,0,0,0,0,1,0,14,7,0,0,0,0,0,0,0,0,5,0,7,0,0,4,2,3,0,0,0,0,8,1,2,0,0,0,0,0,0,0,0,1,0,0,0,2,0,0,1,0,20,9,1,0,0,0,0,0,0,5,0,0,0
OM,0,0,0,0,0,0,0,0,0,0,0,0,0,0,0,1,0,0,0,0,0,0,0,0,0,0,0,0,0,0,0,0,0,0,0,0,0,0,1,0,1,0,0,0,0,0,0,1,0,1,0,1,0,0,0,0,0,0,0,0,0,0,0,0,0,0,0,0,0,0,1,0,0,0,0,0,0,0,0,0,0,0,0,0,0,0,0,0,0,0,0,0,0,0,0,0,0,0,0,0,0,0,0,0,0,0,0,0,0,0,0,0,1,0,0,0,0,0,0,0,0,0,0,0,0,0,0,0,0,0,0,1,0,0,1,0,1,0,0,0,0,0,0,0,0,0,0,0,0,0,0,0,0,0,1,0,0,0,0,0,0,0,0,0,0,0,0
PA,0,0,0,0,0,0,1,0,0,0,0,0,1,1,0,0,0,0,0,0,1,0,0,0,0,0,0,1,0,1,0,0,0,0,0,0,0,0,3,0,0,0,1,0,0,1,1,1,0,0,0,3,0,0,0,0,0,0,0,0,1,0,1,0,1,1,0,0,0,0,2,0,0,0,0,1,0,0,0,0,0,0,0,0,0,0,0,0,0,0,1,0,0,0,0,0,0,0,0,0,0,0,0,0,0,0,0,0,0,0,0,0,2,2,0,0,0,0,0,0,0,0,0,0,0,0,0,0,0,0,0,0,0,0,1,0,0,0,0,1,0,0,0,0,0,0,0,0,0,1,0,0,0,0,2,0,2,0,0,0,0,0,0,1,0,0,0
PE,0,0,0,0,0,0,7,4,0,1,0,1,7,0,2,0,0,0,1,0,6,0,0,0,1,0,0,4,0,6,0,1,6,2,1,0,1,2,14,0,3,0,0,4,0,0,2,15,0,2,0,12,0,0,0,0,0,0,1,0,0,1,0,1,5,1,0,0,0,0,12,0,2,0,0,0,0,1,0,0,0,0,0,0,0,0,2,0,1,0,0,0,0,0,0,0,0,0,0,0,0,0,0,0,0,4,0,0,1,0,0,0,9,4,0,0,0,0,0,1,0,0,2,0,6,0,0,3,0,1,0,0,0,0,3,0,0,0,0,1,0,0,0,0,0,0,0,0,0,3,1,0,0,1,11,1,1,0,0,0,0,0,0,1,0,0,0
PF,0,0,0,0,0,0,0,0,0,0,0,0,2,0,0,0,0,0,0,0,1,0,0,0,0,0,0,1,0,0,0,1,1,0,1,0,0,0,1,0,0,0,0,1,0,0,1,2,0,1,0,4,0,0,0,0,0,0,0,0,0,0,0,0,0,0,0,0,0,0,2,0,0,0,0,0,0,1,0,0,0,0,0,0,0,0,0,0,0,0,0,0,0,0,0,0,0,0,0,0,0,0,0,0,0,1,0,0,3,0,0,0,2,1,0,0,0,0,1,0,0,0,0,0,2,0,0,0,0,0,0,0,0,0,0,0,0,0,0,1,0,0,0,0,0,0,0,0,0,0,0,0,0,0,2,0,0,0,0,0,0,0,0,0,0,0,0
PH,0,0,0,0,0,0,0,3,0,0,0,1,5,0,3,0,0,0,0,0,0,0,0,0,1,0,0,2,0,1,0,1,1,0,0,0,2,2,7,0,2,0,0,1,1,0,4,5,0,3,0,7,0,0,0,0,0,0,0,0,0,2,4,3,2,1,1,0,0,1,7,0,0,0,0,1,0,0,0,0,0,0,0,0,0,0,0,0,0,0,0,0,0,0,0,0,1,0,1,0,0,1,0,0,0,0,3,0,0,0,0,0,5,5,1,0,0,0,0,0,0,0,4,0,6,0,0,2,0,1,1,0,0,0,4,0,1,2,0,0,0,0,0,0,0,2,0,0,0,3,2,1,0,0,7,1,1,0,0,3,0,0,0,0,0,0,0
PK,0,1,0,0,0,0,0,4,1,0,0,1,3,0,0,0,0,1,0,0,0,1,0,0,1,0,0,2,0,0,0,0,0,0,0,0,0,2,5,0,1,0,0,0,1,0,1,1,1,2,0,3,0,0,0,1,0,0,0,0,0,0,0,0,1,0,1,0,0,0,3,0,0,1,0,0,0,0,0,0,0,0,0,1,0,0,0,0,1,0,0,0,0,0,0,0,0,0,0,0,0,0,0,0,1,0,0,0,0,0,0,0,4,4,1,0,0,0,0,0,0,0,1,0,1,0,0,0,0,0,0,0,0,0,3,0,0,1,0,0,0,0,0,0,0,0,0,0,0,1,0,2,0,1,8,0,0,0,0,0,0,0,0,1,0,0,0
PL,0,0,0,18,15,0,20,589,32,6,21,1,861,0,248,0,0,0,1,0,18,1,15,0,49,0,0,522,0,8,2,36,11,2,0,1,173,419,1280,0,452,0,0,4,191,13,617,1138,3,436,8,1057,0,0,22,3,0,6,1,4,0,223,326,4,388,198,7,2,1,64,1173,0,0,4,15,4,2,0,10,0,1,7,1,0,0,0,203,124,195,0,7,0,28,16,0,0,31,0,1,0,0,54,1,0,0,5,6,0,2,0,1,0,863,381,1,5,0,0,2,0,4,1,0,1,510,0,0,342,119,26,2,0,0,0,563,0,251,223,0,1,0,0,0,0,0,5,1,1,15,190,20,1,81,3,1007,79,5,1,0,5,0,3,0,38,0,0,0
PS,0,0,0,0,0,0,0,1,0,0,0,0,3,0,0,0,0,0,0,0,0,0,0,0,0,0,0,1,0,0,0,0,0,0,0,0,0,0,4,0,1,0,1,0,0,3,3,5,0,0,0,4,0,0,1,0,0,0,0,0,0,0,1,0,0,2,0,1,1,0,5,0,0,2,0,1,0,0,0,0,0,3,0,0,0,0,0,0,0,1,2,0,1,1,0,0,1,0,0,0,0,0,0,0,0,0,0,0,0,0,0,0,0,1,0,0,0,0,0,0,0,0,1,0,1,0,0,1,0,0,0,0,0,0,1,0,1,0,0,0,0,0,0,0,0,0,0,0,1,3,0,0,1,0,3,0,0,0,0,0,0,1,0,0,0,0,0
PT,0,0,0,20,13,0,23,593,25,6,20,2,979,8,228,0,1,4,0,0,41,2,11,1,52,0,0,492,1,16,4,42,17,5,1,3,209,341,1384,1,484,0,5,3,218,14,782,1387,7,500,9,1184,0,0,17,13,2,3,1,3,0,221,307,6,482,228,8,0,2,70,1289,0,4,1,11,13,2,2,15,0,0,6,1,0,1,0,164,163,177,0,13,1,32,22,2,0,33,0,1,0,1,69,0,0,0,14,4,4,3,1,8,1,928,424,0,7,0,0,6,2,6,1,510,1,0,1,0,354,106,26,1,1,1,1,548,1,302,179,0,12,0,0,0,0,2,5,0,0,24,205,16,4,65,9,1175,85,8,0,0,5,1,1,0,48,4,2,0
PY,0,0,0,0,0,0,1,0,0,0,0,0,1,0,0,0,0,0,0,0,0,0,0,0,0,0,0,1,0,1,0,1,0,0,0,0,1,0,2,0,1,0,0,0,0,0,0,2,0,0,0,0,0,0,0,0,0,0,0,0,0,0,0,0,0,1,1,0,0,0,1,0,0,0,0,0,0,0,0,0,0,0,0,0,0,0,0,0,0,0,0,0,0,0,0,0,0,0,0,1,0,0,0,0,0,2,0,0,0,0,0,0,1,0,0,0,0,0,0,0,0,0,0,0,1,0,0,0,0,0,0,0,0,0,0,0,0,0,0,0,0,0,0,0,0,0,0,0,0,0,0,0,0,0,1,0,0,0,0,0,0,0,0,0,0,0,0
QA,0,0,0,0,0,0,0,0,0,0,0,0,1,0,0,0,0,0,0,0,0,0,0,0,0,0,0,0,0,0,0,0,0,0,0,0,0,0,1,0,1,0,0,0,0,0,0,1,0,0,0,1,0,0,0,0,0,0,0,0,0,0,1,0,0,0,0,0,0,0,1,0,0,0,0,0,0,0,0,0,0,1,0,0,0,0,0,0,0,0,1,0,0,0,0,0,0,0,0,0,0,0,0,0,0,0,0,0,0,0,0,0,0,0,0,0,0,0,0,0,0,0,0,0,0,0,0,0,0,0,0,0,0,0,0,0,0,0,0,0,0,0,0,0,0,0,0,0,0,1,0,0,0,0,1,0,0,0,0,0,0,0,0,0,0,0,0
RO,0,0,0,24,13,0,14,360,10,7,18,0,555,1,211,0,0,1,0,1,16,1,10,0,35,0,1,266,0,5,1,21,7,1,0,1,157,232,726,1,233,0,1,2,152,11,472,704,2,247,3,597,1,0,24,2,1,1,1,0,0,154,227,2,273,149,4,0,0,41,706,0,0,3,5,3,0,0,7,0,0,4,0,0,0,0,128,92,137,0,11,0,42,20,2,0,37,0,0,0,0,53,0,0,0,3,1,2,2,0,2,0,505,239,0,4,0,0,3,0,2,0,342,1,354,0,0,0,80,19,1,0,0,0,337,0,205,142,0,2,0,1,0,0,1,1,0,0,17,151,17,2,67,2,589,35,6,0,0,2,0,3,0,23,1,0,0
RS,0,0,0,19,9,0,2,145,5,5,24,0,196,1,75,0,0,0,0,0,2,0,7,0,5,0,0,113,0,0,0,11,2,1,0,0,53,80,250,0,96,0,0,1,46,3,180,261,2,103,2,199,0,0,15,0,0,0,0,2,0,68,82,1,99,46,2,3,0,13,244,0,0,2,2,2,0,0,2,0,0,0,0,0,0,0,50,43,40,0,3,0,14,20,0,0,22,1,0,0,0,24,0,0,0,0,1,0,1,0,1,0,178,66,0,2,0,0,0,0,0,0,119,0,106,0,0,80,0,3,1,0,0,0,101,0,88,40,0,3,0,0,0,0,0,2,0,0,2,41,4,1,30,1,224,13,2,0,0,1,0,6,0,8,0,0,1
RU,0,0,0,2,1,0,3,21,7,2,0,0,51,0,11,0,0,0,0,0,9,1,0,0,18,0,0,32,0,0,0,13,1,0,0,0,6,21,78,0,23,0,0,0,9,0,24,47,1,32,5,67,0,0,5,0,0,6,0,1,0,7,16,4,19,12,8,0,0,12,66,0,0,0,8,1,0,0,6,0,0,2,0,0,0,0,13,4,9,0,1,0,4,1,1,0,1,0,0,0,0,3,0,0,0,0,0,0,1,0,1,0,48,28,0,3,0,0,1,0,1,0,26,0,26,0,0,19,3,0,0,0,0,0,39,0,12,9,0,1,0,0,0,0,0,1,0,0,1,15,2,0,11,0,61,20,0,0,0,1,0,0,0,9,0,0,0
RW,0,0,0,0,0,0,0,2,0,0,0,0,6,2,0,0,0,1,0,0,0,1,0,0,0,0,0,2,0,1,1,0,1,0,0,0,0,0,9,1,2,0,2,1,1,1,3,5,5,3,0,5,0,0,0,2,0,0,0,0,0,0,1,0,1,0,0,0,0,0,5,0,0,0,0,9,0,0,0,0,0,0,0,0,0,0,0,0,0,0,2,0,0,0,1,0,0,0,0,0,0,0,1,0,2,1,0,2,0,1,2,0,9,3,1,0,0,0,0,0,1,0,2,0,1,0,0,1,1,0,0,0,0,0,4,0,1,0,0,2,0,0,0,0,1,0,0,0,1,0,0,5,0,3,5,0,1,0,0,1,0,0,0,6,1,0,0
SA,0,0,0,0,0,0,0,0,0,0,0,0,1,0,0,1,0,0,0,0,0,0,0,0,1,0,0,2,0,0,0,1,0,0,0,0,0,0,5,0,4,0,0,0,0,0,0,2,0,1,0,5,0,0,0,0,0,0,0,0,0,0,0,0,0,0,0,0,0,1,3,0,0,0,0,0,0,0,0,0,0,0,0,0,0,0,0,0,0,0,0,0,0,0,0,0,0,0,0,0,0,0,0,0,0,0,0,0,0,0,0,0,1,2,0,0,1,0,0,0,0,0,0,0,1,0,0,0,0,0,0,0,0,0,1,0,1,0,0,0,0,0,0,0,0,0,0,0,0,2,0,0,0,0,4,0,0,0,0,0,0,0,0,0,0,0,0
SC,0,0,0,0,0,0,0,0,0,0,0,0,0,0,0,0,0,0,0,0,1,0,0,0,0,0,0,0,0,0,0,0,0,0,0,1,0,0,0,0,1,0,0,0,0,0,0,1,0,0,1,0,0,0,0,0,0,0,0,0,0,0,0,0,0,0,0,0,0,1,0,0,0,0,0,0,0,0,0,0,0,0,0,0,0,0,0,0,0,0,1,0,0,0,0,0,0,0,0,0,1,0,0,0,0,0,0,0,0,0,0,0,0,1,0,0,0,0,0,0,0,0,0,0,1,0,0,0,0,0,0,0,0,0,0,0,0,0,0,1,0,0,0,0,0,0,0,0,0,0,0,0,0,0,1,0,0,0,0,0,0,0,0,0,0,0,0
SD,0,0,0,0,0,0,0,1,0,0,0,0,2,1,0,0,0,0,0,0,0,0,0,0,0,0,0,0,1,0,1,0,0,0,0,0,0,0,1,0,0,0,0,0,0,0,0,1,1,0,0,2,0,0,0,1,0,0,0,0,0,0,0,0,0,0,0,0,0,0,1,0,0,0,0,2,0,0,0,0,0,0,0,0,0,0,0,0,0,0,0,0,0,0,0,0,0,0,0,0,0,0,0,0,0,0,0,1,0,0,1,0,0,0,0,0,0,0,0,0,0,0,0,0,1,0,0,0,0,0,0,0,0,0,0,0,0,0,0,2,0,0,0,1,0,0,0,0,0,0,0,1,0,1,0,0,0,0,0,0,0,0,0,2,2,2,0
SE,0,0,2,13,2,0,16,818,45,4,12,3,1194,7,192,1,0,2,0,0,29,5,3,1,74,0,0,790,3,12,1,49,11,2,1,2,163,441,1966,0,691,0,1,2,219,11,687,1513,7,665,14,1504,2,0,10,10,2,9,0,9,1,184,358,5,494,224,9,2,1,79,1491,0,2,4,28,19,1,0,20,1,0,6,1,0,1,0,175,148,169,0,8,1,19,10,4,0,19,1,0,0,0,57,0,0,2,2,3,5,1,3,3,0,1301,594,2,8,1,1,3,0,4,3,563,1,548,0,0,337,101,39,4,1,0,0,0,2,288,182,1,11,0,0,0,0,0,6,1,0,17,203,22,8,60,10,1576,175,6,0,0,5,0,2,0,64,1,0,0
SG,0,0,0,0,0,0,0,3,1,0,0,0,3,0,0,0,0,0,0,0,0,0,0,0,0,0,0,3,0,0,0,2,0,0,0,0,0,0,3,0,4,0,0,0,0,0,2,5,0,1,0,3,0,0,0,0,0,0,0,0,0,0,0,0,0,2,1,0,0,0,3,0,0,0,2,0,0,0,0,0,1,0,0,0,0,0,0,1,0,0,0,0,0,0,0,0,0,0,0,0,0,0,0,0,0,0,0,0,0,0,0,0,3,1,0,1,0,0,0,0,0,0,0,0,1,0,0,0,0,0,0,0,0,0,2,0,2,0,0,0,0,0,0,0,0,0,0,0,0,1,0,0,0,0,6,2,0,0,0,0,0,0,0,0,0,0,0
SI,0,0,0,15,8,0,10,366,10,4,19,1,455,1,136,1,0,1,1,0,12,1,5,0,17,0,0,262,0,2,1,19,2,1,2,0,129,204,647,1,233,0,1,1,120,5,333,604,2,248,2,523,0,0,15,2,0,0,0,0,0,149,181,1,202,91,3,2,2,42,606,0,1,4,11,4,0,1,2,0,1,5,1,0,0,0,100,95,123,0,4,0,13,17,1,0,34,0,0,0,0,43,0,0,0,2,2,1,1,0,2,0,436,188,0,2,1,0,0,0,1,0,251,1,302,0,0,205,88,12,1,1,0,0,288,2,0,117,0,3,0,0,0,0,2,2,0,0,10,123,9,2,49,4,505,31,4,0,0,2,0,4,0,13,1,0,0
SK,0,0,0,12,8,0,5,225,12,5,14,2,277,0,117,0,0,0,0,0,8,1,8,0,22,0,1,153,0,1,0,8,2,0,0,0,64,216,347,0,142,0,0,0,97,1,176,309,1,143,2,286,1,0,14,4,0,0,1,2,0,121,161,3,144,75,4,1,0,25,326,0,0,0,6,1,0,0,4,0,0,3,1,0,0,0,127,71,105,0,1,0,15,10,0,0,21,0,0,0,0,36,0,0,0,1,2,0,1,0,0,0,238,147,0,0,0,0,0,0,2,1,223,0,179,0,0,142,40,9,0,0,0,0,182,0,117,0,0,2,0,0,0,0,0,1,0,0,3,69,11,0,36,2,268,31,3,0,0,2,0,1,0,11,0,0,1
SL,0,0,0,0,0,0,0,0,0,0,0,0,2,1,0,0,0,0,0,0,0,0,0,0,0,1,0,1,1,0,0,0,0,0,0,1,0,0,1,0,0,0,0,0,0,0,1,1,1,0,0,4,0,0,0,1,0,0,0,0,0,0,0,0,1,0,1,0,0,0,1,0,0,0,0,2,0,0,0,0,0,0,0,0,0,0,0,0,0,0,0,0,0,0,1,0,0,0,0,0,0,0,0,0,0,0,0,0,0,1,0,0,3,2,0,0,0,0,0,0,0,0,0,0,0,0,0,0,0,0,0,0,0,0,1,0,0,0,0,0,0,0,0,0,0,0,0,0,0,0,0,1,0,1,5,1,0,0,0,0,0,0,0,0,0,0,0
SN,0,0,0,1,0,1,0,9,1,0,1,1,21,10,1,0,1,2,0,0,5,3,0,0,2,0,0,11,3,0,4,2,3,0,2,2,0,3,28,1,9,0,5,1,0,7,7,19,5,7,1,36,0,0,0,10,0,0,0,0,1,0,5,0,5,1,0,2,0,1,26,0,0,0,0,13,0,1,1,0,0,0,0,0,0,1,0,1,0,0,7,0,0,0,1,0,0,3,0,0,1,1,1,0,1,1,0,4,2,0,5,0,20,11,0,0,0,1,1,1,0,0,1,0,12,0,0,2,3,1,2,0,1,2,11,0,3,2,0,0,0,0,1,1,3,2,0,0,3,4,0,6,2,11,23,3,1,0,0,0,0,2,0,15,3,3,1
SR,0,0,0,0,0,0,0,0,0,0,0,0,1,0,0,0,0,0,0,0,0,0,0,0,0,0,0,0,0,0,0,0,0,0,0,0,0,0,0,0,0,0,0,0,0,0,0,0,0,0,0,0,0,0,0,1,0,0,0,0,0,0,0,0,0,0,0,0,0,0,0,0,0,0,0,0,0,0,0,0,0,0,0,0,0,0,0,0,0,0,0,0,0,0,0,0,0,0,0,0,0,0,0,0,0,0,0,0,0,0,0,0,1,0,0,0,0,0,0,0,0,0,0,0,0,0,0,0,0,0,0,0,0,0,0,0,0,0,0,0,0,0,0,0,0,0,0,0,0,0,0,0,0,0,1,1,0,0,0,0,0,1,0,1,0,0,0
SX,0,0,0,0,0,0,0,0,0,0,0,0,1,0,0,0,0,0,0,1,0,0,0,0,0,0,0,0,0,0,0,0,0,0,0,0,0,0,1,0,0,0,0,0,0,0,0,1,0,0,0,1,0,0,0,0,0,0,0,0,0,1,0,0,0,0,0,0,0,0,1,0,0,0,0,0,0,0,0,0,0,0,0,0,0,0,0,0,0,0,0,0,0,0,0,0,0,0,0,0,0,0,0,0,0,0,0,0,0,0,0,0,1,1,0,0,0,0,0,0,0,0,0,0,0,0,0,1,0,0,0,0,0,0,0,0,0,0,0,0,0,0,0,0,0,0,0,0,0,0,0,0,0,0,1,0,0,0,0,0,0,0,0,0,0,0,0
SZ,0,0,0,0,0,0,0,0,0,0,0,0,0,0,0,0,1,0,0,0,0,1,0,0,0,0,0,1,0,0,1,0,0,0,0,0,0,0,1,0,0,0,0,0,0,1,0,0,1,0,0,0,0,0,0,0,0,0,0,0,0,0,0,0,1,0,0,0,0,0,0,0,0,0,0,1,0,0,0,0,0,0,0,0,0,1,0,0,0,0,0,0,0,0,0,0,0,0,0,0,0,0,1,0,1,0,0,1,0,0,0,0,1,1,0,0,0,0,0,0,0,0,0,0,0,0,0,0,0,0,0,0,0,0,0,0,0,0,0,1,0,0,0,0,0,0,0,0,1,0,0,1,0,1,0,1,0,0,0,0,0,0,0,1,0,0,0
TD,0,0,0,0,0,0,0,0,0,0,0,0,1,1,0,0,0,0,0,0,0,0,0,0,0,0,0,0,1,0,1,0,0,0,0,0,0,0,0,0,0,0,0,0,0,0,0,1,1,0,0,1,0,0,0,0,0,0,0,0,0,0,0,0,0,0,0,0,0,0,1,0,0,0,0,1,0,0,0,0,0,0,0,0,0,0,0,0,0,0,0,0,0,0,0,0,0,0,0,0,0,0,0,0,0,0,0,1,0,0,0,0,0,0,0,0,0,0,0,0,0,0,0,0,0,0,0,0,0,0,0,0,0,1,0,0,0,0,0,1,0,0,0,0,0,0,0,0,0,0,0,0,0,1,0,0,0,0,0,0,0,0,0,1,1,1,0
TG,0,0,0,0,0,0,0,3,0,0,0,0,2,1,0,0,0,1,0,0,0,1,0,0,0,0,0,2,0,0,1,1,0,0,1,0,0,0,2,1,0,0,1,0,0,1,0,3,1,1,0,4,0,0,0,0,0,0,0,0,0,0,0,0,0,0,0,0,0,0,2,0,0,0,0,1,0,0,0,0,0,0,0,0,0,0,0,1,0,0,2,0,0,0,1,0,0,0,0,0,0,0,0,0,0,0,0,1,0,0,1,0,2,2,0,0,0,0,0,0,0,0,0,0,2,0,0,1,0,0,1,0,0,0,0,0,2,0,0,3,0,0,0,0,0,0,0,0,1,0,0,1,0,1,2,0,1,0,0,0,0,0,0,1,1,0,0
TH,0,0,0,0,0,0,2,9,2,0,0,1,9,1,3,0,0,0,0,0,1,0,0,0,0,0,0,7,0,0,1,1,0,0,0,0,1,3,15,0,5,0,0,0,1,0,7,13,2,4,0,14,0,0,0,1,0,0,0,0,0,3,5,2,5,2,2,0,0,0,15,0,0,0,1,1,1,0,1,0,0,0,0,1,0,0,0,0,1,0,1,0,1,0,0,0,1,1,1,0,0,1,0,0,0,0,4,0,0,0,0,0,9,6,1,1,0,0,0,0,2,0,5,0,5,0,0,1,2,1,0,0,0,0,6,0,2,1,0,2,0,0,0,0,0,0,1,0,0,2,2,0,2,1,10,2,0,0,0,8,0,0,0,1,0,0,0
TJ,0,0,0,0,0,0,0,1,0,0,0,0,1,0,1,0,0,0,0,0,0,0,0,0,0,0,0,0,0,0,0,0,0,0,0,0,0,0,2,0,0,0,0,0,0,0,0,0,1,0,0,2,0,0,0,0,0,0,0,0,0,0,0,0,0,0,0,0,0,0,1,0,0,0,0,0,2,0,0,0,1,0,0,1,0,0,0,0,1,0,1,0,1,0,0,0,0,0,0,0,0,0,0,0,0,0,0,0,0,0,0,0,0,0,1,0,0,0,0,0,0,0,1,0,0,0,0,0,0,0,0,0,0,0,1,0,0,0,0,0,0,0,0,0,0,1,0,1,0,1,0,0,0,0,3,0,0,1,0,0,0,1,0,0,0,0,0
TM,0,0,0,0,0,0,0,0,0,0,0,0,1,0,0,0,0,0,0,0,0,0,0,0,0,0,0,0,0,0,0,0,0,0,0,0,0,0,1,0,0,0,0,0,0,0,0,0,0,0,0,1,0,0,0,0,0,0,0,0,0,0,0,0,0,0,0,0,0,0,0,0,0,0,0,0,1,0,0,0,1,0,0,0,0,0,0,0,1,0,0,0,0,0,0,0,0,0,0,0,0,0,0,0,0,0,0,0,0,0,0,0,0,0,0,0,0,0,0,0,0,0,1,0,0,0,0,0,0,0,0,0,0,0,0,0,0,0,0,0,0,0,0,0,0,0,1,0,0,0,0,0,0,0,1,0,0,1,0,0,0,0,0,0,0,0,0
TN,0,0,0,2,1,0,1,12,0,1,3,0,27,2,7,0,1,0,1,0,3,1,0,0,1,1,0,14,0,1,1,3,0,0,1,1,8,14,33,0,7,0,3,0,7,15,28,49,5,12,0,49,0,0,1,6,0,0,0,0,0,4,5,0,13,9,0,1,0,2,42,0,0,4,0,7,0,0,1,0,0,5,0,0,0,1,5,2,6,1,14,0,4,0,1,0,2,0,0,0,0,4,1,0,2,0,0,3,0,2,2,0,22,14,0,0,0,0,0,0,0,0,15,1,24,0,0,17,2,1,1,0,0,0,17,0,10,3,0,3,0,0,1,0,1,0,0,0,0,19,3,4,1,3,24,0,1,0,0,0,0,2,0,9,0,0,0
TR,0,1,0,11,7,0,11,233,5,7,9,1,325,2,97,0,0,0,0,0,9,1,9,0,17,0,0,162,0,1,1,15,6,0,0,0,69,118,457,0,140,0,4,1,83,15,260,454,4,163,4,385,0,0,21,3,0,1,0,0,1,70,109,4,146,101,2,3,0,34,453,0,0,7,3,5,0,0,6,0,1,8,1,0,0,0,55,53,81,1,14,0,21,11,0,0,27,0,0,0,0,27,0,0,2,2,3,1,2,0,1,0,293,164,0,2,0,1,3,0,3,1,190,3,205,0,1,151,41,15,0,2,0,0,203,1,123,69,0,4,0,0,0,0,0,2,1,0,19,0,15,0,34,2,360,12,5,0,0,2,0,3,0,26,0,0,0
TW,0,0,0,0,0,0,1,16,1,0,0,0,30,0,16,0,0,0,0,0,5,0,0,0,5,0,0,13,0,0,0,7,0,1,0,0,9,13,41,0,11,0,0,0,12,2,20,38,0,16,0,38,0,0,0,0,0,0,0,2,0,6,10,1,11,13,4,0,0,2,38,0,0,0,4,0,0,0,2,0,0,0,0,0,0,0,9,2,12,0,1,0,3,0,0,0,2,0,0,0,0,0,0,0,0,0,3,0,0,0,0,0,24,16,0,0,0,0,1,0,2,0,20,0,16,0,0,17,4,2,0,0,0,0,22,0,9,11,0,0,0,0,0,0,0,2,0,0,3,15,0,0,1,0,26,5,0,0,0,1,0,0,0,6,0,0,0
TZ,0,0,0,0,0,0,0,5,0,0,0,0,8,2,0,0,1,3,0,0,0,2,0,0,0,0,0,8,1,1,3,0,1,0,0,0,0,0,23,1,7,0,2,1,0,5,4,14,8,5,0,12,0,0,0,8,0,0,0,0,0,0,1,0,4,1,1,0,0,0,19,0,0,1,0,16,0,0,0,0,0,0,0,0,0,1,0,0,1,0,4,0,0,0,1,0,0,0,0,0,0,2,1,0,5,1,0,4,0,0,5,0,12,8,1,0,0,0,0,0,1,2,1,0,4,0,0,2,1,0,5,0,0,1,8,0,2,0,1,6,0,0,1,0,1,0,0,0,4,0,0,0,0,15,17,1,1,0,0,1,0,0,0,12,3,1,0
UA,0,0,0,7,9,0,1,63,5,7,6,1,95,0,47,0,0,0,0,0,2,0,8,0,8,0,0,45,0,1,0,6,3,0,0,0,27,63,142,0,37,0,0,0,30,1,76,113,2,50,0,116,0,0,22,0,0,0,0,1,0,34,53,1,40,24,0,1,0,10,115,0,0,0,9,0,0,0,3,0,0,2,1,0,0,0,37,19,33,0,0,0,21,5,0,0,12,1,0,0,0,10,0,0,0,0,0,1,0,0,1,0,80,34,0,1,0,0,0,0,0,0,81,1,65,0,0,67,30,11,0,0,0,0,60,0,49,36,0,2,0,0,0,0,0,2,0,0,1,34,1,0,0,1,105,9,0,0,0,0,0,2,1,4,0,0,1
UG,0,0,0,0,0,0,0,9,0,0,0,2,16,7,1,0,1,3,1,0,0,3,0,0,0,0,0,12,4,0,6,0,1,0,0,1,0,2,25,1,9,0,3,1,1,5,7,22,10,9,0,17,0,0,0,10,0,0,0,0,0,0,3,0,8,1,2,0,0,0,21,0,0,0,0,19,1,1,0,0,0,0,0,0,0,1,1,0,0,0,3,0,0,0,2,0,0,1,0,0,0,3,1,0,4,0,0,6,0,1,6,0,20,9,0,0,0,0,1,0,0,1,3,0,9,0,0,2,1,0,3,0,0,1,10,0,4,2,1,11,0,0,1,1,1,1,0,0,3,2,0,15,1,0,22,2,0,0,0,1,0,0,0,18,3,1,0
UK,0,1,4,25,13,1,35,1395,88,7,29,8,2405,13,354,1,1,3,2,1,55,5,11,1,114,1,0,1524,4,24,6,115,28,8,5,3,357,763,4172,1,1224,0,6,9,340,16,1598,3292,23,1054,18,3277,1,1,30,24,3,10,2,17,1,303,582,9,1018,488,34,4,5,124,3296,1,4,10,49,40,5,2,42,1,2,14,1,3,2,0,282,285,223,0,21,1,30,24,4,1,55,4,1,1,1,104,0,1,8,16,11,9,4,2,8,0,2727,1011,3,20,1,2,11,2,7,8,1007,3,1175,1,1,589,224,61,5,4,1,0,1576,6,505,268,5,23,1,1,0,0,2,10,3,1,24,360,26,17,105,22,0,292,17,1,1,12,0,13,1,96,6,1,1
US,0,0,0,2,0,0,9,106,42,0,1,1,228,1,20,0,0,0,0,0,23,0,0,0,51,0,0,157,1,3,1,30,7,1,1,0,11,79,312,0,133,0,0,1,22,0,82,241,0,91,7,287,2,0,0,1,0,6,0,4,0,26,55,3,90,53,9,0,1,20,245,0,1,0,23,0,1,0,17,1,0,1,0,0,0,0,28,24,7,0,0,0,1,1,3,0,3,0,0,0,0,3,0,0,0,5,1,1,0,0,1,1,249,96,0,9,0,0,1,0,1,0,79,0,85,0,0,35,13,20,0,0,0,0,175,2,31,31,1,3,1,0,1,0,0,2,0,0,0,12,5,1,9,2,292,0,1,0,0,3,0,2,0,26,0,0,0
UY,0,0,0,0,0,0,5,8,0,0,0,1,8,1,5,0,0,0,0,0,6,0,0,0,1,0,0,7,0,6,0,3,7,2,1,0,3,6,17,0,7,0,1,2,4,2,7,20,0,6,0,19,0,1,0,2,0,0,0,0,1,3,7,0,9,3,0,0,1,3,15,0,0,0,1,2,1,0,1,0,0,0,0,0,0,0,4,3,3,0,1,0,0,0,0,0,0,0,0,0,0,2,0,0,0,4,0,0,0,0,0,0,10,8,1,1,0,2,1,0,1,0,5,0,8,0,0,6,2,0,1,0,0,0,6,0,4,3,0,1,0,0,0,0,1,0,0,0,1,5,0,1,0,0,17,1,0,0,0,1,0,0,0,2,0,0,0
UZ,0,0,0,0,0,0,0,1,0,0,0,0,2,0,0,0,0,0,0,0,0,0,0,0,0,0,0,1,0,0,0,0,0,0,0,0,0,0,2,0,0,0,0,0,0,0,0,1,0,0,0,1,0,0,0,0,0,0,0,0,0,0,0,0,0,0,0,0,0,0,0,0,0,0,0,0,2,0,0,0,2,0,0,1,0,0,0,0,1,0,0,0,0,0,0,0,0,0,0,0,0,0,0,0,0,0,0,0,0,0,0,0,0,0,0,0,0,0,0,0,0,0,1,0,0,0,0,0,0,0,0,0,0,0,0,0,0,0,0,0,0,0,0,0,0,0,1,1,0,0,0,0,0,0,1,0,0,0,0,0,0,0,0,0,0,0,0
VG,0,0,0,0,0,0,0,0,0,0,0,0,0,0,0,0,0,0,0,0,0,0,0,0,0,0,0,0,0,0,0,0,0,0,0,0,0,1,1,0,1,0,0,0,0,0,0,0,0,0,0,0,0,0,0,0,0,0,0,0,0,0,0,0,0,0,0,0,0,0,1,0,0,0,0,0,0,0,0,0,0,0,0,0,0,0,0,0,0,0,0,0,0,0,0,0,0,0,0,0,0,0,0,0,0,0,0,0,0,0,0,0,0,0,0,0,0,0,0,0,0,0,0,0,0,0,0,0,0,0,0,0,0,0,0,0,0,0,0,0,0,0,0,0,0,0,0,0,0,0,0,0,0,0,1,0,0,0,0,0,0,0,0,0,0,0,0
VN,0,0,0,0,0,0,1,4,1,0,0,0,9,1,2,0,0,0,0,0,2,0,0,0,2,0,0,2,0,2,1,3,2,0,0,0,1,3,15,0,7,0,0,1,1,0,6,12,0,5,2,13,0,0,0,1,0,0,0,0,0,2,6,3,5,0,2,0,0,3,15,0,0,0,1,1,1,0,1,0,0,0,0,0,0,0,0,0,0,0,0,0,0,0,0,0,1,0,1,0,0,0,0,0,0,0,4,0,0,0,0,1,8,8,1,0,0,0,0,0,3,0,5,0,5,0,0,2,1,1,1,0,0,0,5,0,2,2,0,0,0,0,0,0,0,8,0,0,0,2,1,1,0,1,12,3,1,0,0,0,0,0,0,0,0,0,0
WF,0,0,0,0,0,0,0,1,0,0,0,0,1,0,0,0,0,0,0,0,0,0,0,0,0,0,0,1,0,0,0,0,0,0,0,0,0,0,1,0,0,0,0,0,0,0,1,1,0,0,0,1,0,0,0,0,0,0,0,0,0,0,0,0,0,0,0,0,0,0,1,0,0,0,0,0,0,0,0,0,0,0,0,0,0,0,0,0,0,0,0,0,0,0,0,0,0,0,0,0,0,1,0,0,0,0,0,0,0,0,0,0,0,0,0,0,0,0,0,0,0,0,0,0,1,0,0,0,0,0,0,0,0,0,0,0,0,0,0,0,0,0,0,0,0,0,0,0,0,0,0,0,0,0,0,0,0,0,0,0,0,0,0,0,0,0,0
XK,0,0,0,5,0,0,0,5,2,0,6,0,11,0,5,0,0,0,0,0,0,0,0,0,0,0,0,0,0,0,0,0,0,0,0,0,2,0,11,0,3,0,1,1,2,3,3,11,0,4,0,9,0,0,1,1,0,0,0,0,0,1,3,0,2,4,0,4,0,0,6,0,0,2,0,0,0,0,0,0,0,1,0,0,0,0,0,0,1,0,3,0,1,3,0,0,5,0,0,0,0,0,0,0,0,0,0,0,0,0,0,0,8,2,0,0,0,0,0,0,0,0,3,1,1,0,0,3,6,0,0,0,0,0,2,0,4,1,0,2,1,0,0,0,0,0,1,0,2,3,0,0,2,0,13,2,0,0,0,0,0,0,0,1,0,0,1
YE,0,0,0,0,0,0,0,0,0,0,0,0,0,0,0,0,0,0,0,0,0,0,0,0,0,0,0,0,0,0,0,0,0,0,0,0,0,0,1,0,0,0,0,0,0,0,0,1,0,0,0,1,0,0,1,0,0,0,0,0,0,0,0,0,0,0,0,0,0,0,0,0,0,0,0,0,0,0,0,0,0,0,0,0,0,0,0,0,0,0,0,0,0,0,0,0,0,1,0,0,0,0,0,0,0,0,0,0,0,0,0,0,1,0,0,0,0,0,0,0,0,0,0,0,0,0,0,0,0,0,0,0,0,0,0,0,0,0,0,0,0,0,0,0,0,0,0,0,0,0,0,0,1,0,1,0,0,0,0,0,0,0,0,0,0,0,0
ZA,0,0,0,1,0,1,9,44,17,2,0,1,80,11,15,0,2,2,0,0,22,7,1,0,17,1,0,46,4,5,6,15,5,0,1,3,12,20,113,1,31,0,6,1,19,10,42,88,14,43,2,101,0,1,4,22,0,0,0,0,1,9,16,3,47,17,7,0,0,9,89,0,1,0,3,27,1,0,9,0,0,0,0,0,0,1,8,7,11,0,6,0,7,1,2,0,5,1,0,0,0,2,1,0,7,5,0,10,0,2,9,0,76,48,0,5,0,1,1,0,0,1,38,0,48,0,0,23,8,9,6,0,0,2,64,0,13,11,0,15,1,0,1,1,1,1,0,0,9,26,6,12,4,18,96,26,2,0,0,0,0,1,0,0,4,3,0
ZM,0,0,0,0,0,0,0,3,0,0,0,0,6,2,0,0,0,2,0,0,0,1,0,0,0,0,0,3,2,0,3,0,0,0,0,0,0,0,5,1,0,0,1,0,0,1,2,3,5,3,0,4,0,0,0,3,0,0,0,0,0,0,0,0,1,0,0,0,0,0,7,0,0,0,0,7,0,0,0,0,0,0,0,1,0,0,0,1,0,0,1,0,0,0,1,0,0,0,0,0,0,0,0,0,1,0,0,3,0,0,3,0,4,2,0,0,0,0,0,0,0,0,0,0,4,0,0,1,0,0,1,0,0,2,1,0,1,0,0,3,0,0,0,1,1,0,0,0,0,0,0,3,0,3,6,0,0,0,0,0,0,0,0,4,0,2,0
ZW,0,0,0,0,0,0,0,2,0,0,0,0,3,1,0,0,0,0,0,0,0,0,0,0,1,0,0,1,1,0,1,0,0,0,0,0,0,0,2,0,0,0,0,0,0,0,2,3,2,0,0,3,0,0,0,2,0,0,0,0,0,0,1,0,0,0,0,0,0,0,3,0,0,0,0,2,0,0,0,0,0,0,0,0,0,0,0,0,0,0,0,0,0,0,0,0,0,0,0,0,0,0,0,0,0,0,0,1,0,0,1,0,1,0,0,0,0,0,0,0,0,0,0,0,2,0,0,0,0,0,0,0,0,2,0,0,0,0,0,3,0,0,0,1,0,0,0,0,0,0,0,1,0,1,1,0,0,0,0,0,0,0,0,3,2,0,0
ZZ,0,0,0,0,0,0,0,0,0,0,0,0,1,0,0,0,0,0,0,0,0,0,0,0,0,0,0,0,0,0,0,0,0,0,0,0,0,0,1,0,0,0,0,0,0,0,0,0,0,0,0,1,0,0,0,0,0,0,0,0,0,0,0,0,0,0,0,1,0,0,1,0,0,0,0,0,0,0,0,0,0,0,0,0,0,0,0,0,0,0,0,0,0,0,0,0,0,0,0,0,0,0,0,0,0,0,0,0,0,0,0,0,0,1,0,0,0,0,0,0,0,0,0,0,0,0,0,0,1,0,0,0,0,0,0,0,0,1,0,1,0,0,0,0,0,0,0,0,0,0,0,0,1,0,1,0,0,0,0,0,0,1,0,0,0,0,0
