country,AE,AF,AI,AL,AM,AO,AR,AT,AU,AW,AZ,BA,BD,BE,BF,BG,BH,BI,BJ,BO,BQ,BR,BW,BY,BZ,CA,CD,CG,CH,CI,CL,CM,CN,CO,CR,CU,CV,CY,CZ,DE,DJ,DK,DO,DZ,EC,EE,EG,EL,ES,ET,FI,FO,FR,GA,GD,GE,GH,GI,GL,GM,GN,GT,GW,HK,HN,HR,HT,HU,ID,IE,IL,IN,IQ,IR,IS,IT,JE,JM,JO,JP,KE,KG,KH,KR,KW,KZ,LB,LI,LK,LR,LS,LT,LU,LV,LY,MA,MC,MD,ME,MG,MH,MK,ML,MM,MN,MR,MT,MU,MV,MW,MX,MY,MZ,NC,NE,NG,NI,NL,NO,NP,NZ,OM,PA,PE,PF,PG,PH,PK,PL,PS,PT,PY,QA,RO,RS,RU,RW,SA,SC,SD,SE,SG,SI,SK,SL,SN,SR,SX,SZ,TD,TG,TH,TJ,TM,TN,TR,TW,TZ,UA,UG,UK,US,UY,UZ,VE,VG,VN,WF,XK,YE,ZA,ZM,ZW,ZZ
AE,0,0,0,0,0,0,0,0,0,0,0,0,0,0,0,0,0,0,0,0,0,0,0,0,0,0,0,0,1,0,0,0,0,0,0,0,0,0,0,0,0,0,0,0,0,0,0,0,1,0,1,0,0,0,0,0,0,0,0,0,0,0,0,0,0,0,0,0,0,1,0,0,0,0,0,1,0,0,0,0,0,0,0,0,0,0,0,0,0,0,0,0,0,0,0,0,0,0,0,0,0,0,0,0,0,0,0,0,0,0,0,0,0,0,0,0,0,0,0,0,0,0,0,0,0,0,0,0,0,0,0,0,0,0,0,0,0,0,0,0,0,0,0,0,0,0,0,0,0,0,0,0,0,0,0,0,0,0,0,0,0,0,0,0,0,0,0,0,0,0,0,0,0,0
AF,0,0,0,0,0,0,0,1,0,0,0,0,0,0,0,0,0,0,0,0,0,0,0,0,0,1,0,0,0,0,0,0,0,0,0,0,0,0,0,1,0,0,0,0,0,0,0,1,0,0,0,0,0,0,0,0,1,0,0,0,0,0,0,0,0,0,0,0,0,0,0,0,1,0,0,0,0,0,1,0,0,0,0,0,0,0,0,0,0,0,0,0,0,0,0,1,0,0,0,0,0,0,0,0,0,0,0,0,0,0,0,0,0,0,0,1,0,2,1,0,0,0,0,0,0,0,0,1,1,0,0,0,0,0,0,0,0,0,0,0,1,0,0,0,0,0,0,0,0,0,0,0,0,0,1,2,0,0,0,0,1,0,0,0,0,0,0,0,0,0,0,0,0,0
AI,0,0,0,0,0,0,0,0,0,0,0,0,0,0,0,0,0,0,0,0,0,0,0,0,0,0,0,0,0,0,0,0,0,0,0,0,0,4,0,0,0,2,0,0,0,0,0,0,0,0,0,0,1,0,0,0,0,0,0,0,0,0,0,0,0,0,0,0,0,0,0,0,0,0,0,1,0,0,0,0,0,0,0,0,0,0,0,0,0,0,0,0,0,0,0,0,0,0,0,0,0,0,0,0,0,0,0,0,0,0,0,0,0,0,0,0,0,0,3,0,0,0,0,0,0,0,0,0,0,0,0,0,0,0,0,0,0,0,0,0,2,0,0,0,0,0,0,0,0,0,0,0,0,0,0,0,0,0,0,0,4,0,0,0,0,0,0,0,0,0,0,0,0,0
AL,0,0,0,0,11,0,0,30,4,1,7,20,0,49,0,33,0,0,0,0,1,0,0,4,0,1,0,0,14,0,0,0,0,0,0,0,0,29,26,53,0,25,0,0,0,22,2,46,58,0,16,4,48,0,0,12,0,0,0,0,0,0,0,0,0,29,0,30,0,29,24,0,1,0,10,56,0,0,1,0,1,0,0,0,0,0,0,0,0,0,0,17,19,19,0,4,0,21,17,0,0,25,0,0,0,0,15,0,0,0,0,0,0,0,0,0,0,39,17,0,0,0,0,0,0,0,0,0,29,0,35,0,0,40,33,2,0,0,0,0,17,0,28,22,0,1,0,0,0,0,0,0,0,0,5,21,0,0,14,0,27,3,0,0,0,0,0,0,8,0,1,0,0,0
AM,0,0,0,11,0,0,1,19,0,0,8,6,0,20,0,19,0,0,0,0,0,0,0,7,0,1,0,0,8,0,0,0,1,0,0,0,0,17,19,28,0,11,0,0,0,14,1,31,22,0,3,1,24,0,0,20,0,0,0,0,0,1,0,0,0,15,0,19,0,14,16,0,0,0,6,26,0,0,1,0,0,0,0,2,0,0,0,0,0,0,0,14,15,16,0,2,0,17,10,0,0,12,0,0,0,0,12,0,0,0,1,0,0,0,0,0,0,17,8,0,0,0,0,0,0,0,0,0,25,0,21,0,0,21,15,1,0,0,0,0,6,0,14,17,0,0,0,0,0,0,0,0,0,0,4,14,0,0,14,0,16,0,0,1,0,0,0,0,0,0,0,0,0,0
AO,0,0,0,0,0,0,0,0,0,0,0,0,0,0,0,0,0,0,1,0,0,1,0,0,0,0,0,0,0,1,0,0,0,0,0,0,1,0,0,1,0,0,0,0,0,0,0,0,1,0,0,0,1,0,0,0,0,0,0,0,0,0,0,0,0,0,0,0,0,1,0,0,0,0,0,0,0,0,0,0,0,0,0,0,0,0,0,0,0,0,0,0,0,0,0,0,0,0,0,0,0,0,0,0,0,0,0,0,0,0,0,0,0,0,0,0,0,0,1,0,0,0,0,0,0,0,0,0,0,0,0,0,0,0,0,0,0,0,0,0,0,0,0,0,0,1,0,0,0,0,0,0,0,0,0,0,0,0,0,0,1,0,0,0,0,0,0,0,0,0,1,0,0,0
AR,0,0,0,0,1,0,0,23,3,0,0,0,0,43,1,7,0,0,0,1,0,18,1,2,0,7,0,1,15,0,13,1,7,6,4,0,1,7,16,52,0,17,0,0,2,9,4,17,64,2,13,0,51,1,0,2,1,1,0,0,0,2,0,0,0,9,0,12,1,18,12,5,0,1,7,46,0,2,1,2,1,0,0,2,0,0,1,0,0,0,0,4,4,8,0,1,0,3,0,0,0,1,0,0,0,0,2,0,0,0,11,0,0,1,0,2,0,33,16,0,2,0,1,8,0,0,0,0,23,0,26,1,0,14,2,3,0,0,0,0,21,0,13,5,0,0,0,0,0,0,0,2,0,0,1,12,1,0,1,0,37,11,5,0,0,0,1,0,0,0,10,0,0,0
AT,0,1,0,30,19,0,23,0,35,0,11,42,7,1955,5,382,0,0,2,1,1,26,5,11,0,61,2,0,794,2,13,6,46,18,5,1,1,350,789,3166,1,918,0,3,5,352,22,1330,2497,13,933,8,2197,1,0,36,12,1,7,0,2,3,0,7,0,382,0,570,7,747,347,19,3,2,101,2478,1,2,7,30,25,3,0,18,0,1,9,1,2,0,0,315,275,284,0,16,0,49,23,2,0,60,2,0,0,0,104,1,0,2,3,5,6,2,1,7,1,1955,774,2,16,0,0,7,1,0,5,5,955,1,956,0,0,594,231,21,3,0,0,1,1208,3,596,345,0,13,1,0,0,0,3,13,1,0,21,383,16,8,122,12,1517,138,8,2,0,0,7,1,9,0,67,4,3,0
AU,0,0,0,4,0,0,3,35,0,0,1,1,2,54,1,16,0,0,0,0,0,6,0,0,0,19,0,0,47,0,0,1,13,1,0,0,0,10,18,99,0,40,0,0,1,6,0,36,72,0,31,0,80,0,0,1,1,0,0,0,0,0,0,4,0,10,0,18,2,28,10,2,0,0,7,78,0,0,0,6,3,0,0,4,0,0,1,0,1,0,0,10,3,3,0,1,0,0,1,1,0,2,1,0,0,0,2,0,0,0,1,1,0,1,0,1,0,82,36,0,8,0,0,0,0,0,0,1,33,0,30,0,0,10,6,7,0,0,0,0,48,1,11,13,0,2,0,0,0,0,0,3,0,0,0,5,1,0,5,0,91,43,0,0,0,0,1,0,2,0,20,0,0,0
AW,0,0,0,1,0,0,0,0,0,0,0,0,0,1,0,0,0,0,0,0,1,0,0,0,0,0,0,0,0,0,0,0,0,0,0,0,0,0,0,1,0,0,0,0,0,0,0,0,2,0,0,0,0,0,0,0,0,0,0,0,0,0,0,0,0,0,0,1,0,0,0,0,0,0,0,1,0,0,0,0,0,0,0,0,0,0,0,0,0,0,0,0,0,0,0,0,0,0,0,0,0,0,0,0,0,0,0,0,0,0,0,0,0,0,0,0,0,2,0,0,0,0,0,0,0,0,0,0,0,0,1,0,0,1,0,0,0,0,0,0,1,0,0,0,0,0,0,0,0,0,0,0,0,0,0,0,0,0,0,0,0,0,0,0,0,0,0,0,0,0,0,0,0,0
AZ,0,0,0,7,8,0,0,11,1,0,0,0,0,13,0,8,0,0,0,0,0,0,0,5,0,1,0,0,6,0,0,0,0,0,0,0,0,7,7,12,0,7,0,0,0,6,0,13,8,0,1,0,15,0,0,8,0,0,0,0,0,0,0,0,0,6,0,8,0,8,8,0,0,0,0,12,0,0,0,1,0,0,0,0,0,0,0,0,0,0,0,8,7,7,0,1,0,8,7,0,0,7,0,0,0,0,7,0,0,0,0,0,0,0,0,0,0,11,3,0,0,0,0,1,0,0,0,0,8,0,8,0,0,9,7,2,0,0,0,0,4,0,6,7,0,0,0,0,0,0,0,0,0,0,1,9,0,0,9,0,8,0,0,0,0,0,0,0,0,0,2,0,0,0
BA,0,0,0,20,6,0,0,42,1,0,0,0,0,43,0,33,0,0,0,0,0,1,0,0,0,2,0,0,10,0,0,0,3,2,0,0,0,21,21,61,0,25,0,0,0,12,3,47,60,0,22,3,50,0,0,10,0,1,0,0,0,0,0,0,0,36,0,27,1,24,13,0,4,0,8,60,0,0,3,0,0,0,0,2,0,0,2,0,0,0,0,10,16,12,0,2,0,12,14,0,0,21,0,0,0,0,9,0,0,0,0,0,0,0,0,0,0,34,18,0,0,0,0,0,0,0,0,0,34,0,30,0,0,30,39,0,0,0,0,0,21,0,33,20,0,1,0,0,0,0,0,0,0,0,4,17,0,0,10,0,30,2,0,0,0,0,0,0,8,0,0,1,0,0
BD,0,0,0,0,0,0,0,7,2,0,0,0,0,6,1,4,0,0,0,0,0,2,0,0,0,1,0,0,3,0,0,0,1,1,0,0,0,2,2,14,0,5,0,0,0,1,1,7,10,1,4,0,7,0,0,0,1,0,0,0,0,0,0,1,0,0,0,2,0,5,2,1,0,0,0,11,0,0,0,0,1,0,0,0,0,0,0,0,0,0,0,1,0,2,0,0,0,0,0,0,0,0,1,0,0,0,2,0,0,0,0,0,0,1,0,1,0,9,5,1,0,0,0,1,0,0,1,2,3,0,4,0,0,1,2,0,1,0,0,0,8,0,3,3,0,3,0,0,0,0,0,1,0,0,0,2,0,1,1,3,10,2,1,0,0,0,0,0,0,0,2,0,0,0
BE,0,0,0,49,20,0,43,1955,54,1,13,43,6,0,19,582,0,1,6,1,2,43,6,11,0,103,16,1,1193,11,17,10,88,27,9,3,6,576,1049,4907,2,1493,1,8,10,571,28,2318,4406,23,1524,15,4047,1,0,51,35,3,12,1,3,1,0,8,1,490,1,811,9,1359,557,27,4,6,154,4283,1,0,7,48,66,7,5,43,1,4,17,1,4,1,0,489,462,383,1,37,1,66,31,4,0,82,4,0,0,1,142,4,2,6,12,6,13,4,1,20,0,3559,1351,1,23,0,1,12,2,1,7,7,1429,4,1680,1,1,916,351,51,14,1,0,3,1855,3,803,443,2,32,1,1,0,2,4,15,1,1,50,570,30,19,197,31,2582,285,8,4,0,0,11,1,17,0,134,11,4,1
BF,0,0,0,0,0,0,1,5,1,0,0,0,1,19,0,1,0,2,5,0,0,0,3,0,0,0,6,0,8,3,0,5,0,0,0,0,0,2,4,22,1,5,0,5,0,0,7,9,12,6,12,0,25,1,0,0,18,0,0,0,0,0,0,0,1,1,0,6,0,5,1,0,0,0,0,18,0,0,0,0,15,0,0,1,0,0,0,0,0,0,0,0,0,1,0,4,0,0,0,3,0,0,7,0,0,1,0,0,0,3,0,0,4,2,1,8,0,22,8,0,1,0,1,0,0,0,0,0,1,0,9,0,0,2,5,0,3,0,0,2,14,0,3,2,1,14,0,0,0,1,2,1,0,0,4,3,0,7,0,12,17,3,1,0,0,0,1,0,0,0,15,3,1,0
BG,0,0,0,33,19,0,7,382,16,0,8,33,4,582,1,0,0,0,0,0,1,10,1,10,0,17,1,0,172,1,2,2,14,2,1,0,1,204,254,724,0,286,0,1,0,190,9,514,669,3,302,8,547,0,0,34,3,0,2,0,0,1,0,1,0,199,0,237,1,295,129,2,1,2,51,677,0,0,3,4,7,1,1,12,0,1,5,0,0,0,0,154,121,148,0,10,0,43,25,0,0,46,1,0,0,0,70,1,0,0,2,5,1,2,0,2,0,449,226,0,4,0,0,3,0,0,3,0,369,0,361,0,0,340,121,11,2,0,0,0,292,0,215,174,0,2,0,0,0,0,0,3,1,0,13,149,16,1,83,2,385,24,5,0,0,0,2,0,6,0,23,1,0,0
BH,0,0,0,0,0,0,0,0,0,0,0,0,0,0,0,0,0,0,0,0,0,0,0,0,0,0,0,0,0,0,0,0,0,0,0,0,0,0,0,1,0,1,0,0,0,0,0,0,1,0,1,0,1,0,0,0,0,0,0,0,0,0,0,0,0,0,0,0,0,0,0,0,0,0,0,1,0,0,0,0,0,0,0,0,0,0,0,0,0,0,0,0,0,0,0,0,0,0,0,0,0,0,0,0,0,0,0,0,0,0,0,0,0,0,0,0,0,1,0,0,0,1,0,0,0,0,0,0,0,0,0,0,0,0,0,0,0,1,0,0,1,0,1,0,0,0,0,0,0,0,0,0,0,0,0,0,0,0,0,0,1,0,0,0,0,0,0,0,0,0,0,0,0,0
BI,0,0,0,0,0,0,0,0,0,0,0,0,0,1,2,0,0,0,0,0,0,0,1,0,0,0,2,0,0,0,0,2,0,0,0,0,0,0,0,2,0,2,0,1,0,0,1,2,1,2,1,0,3,0,0,0,0,0,0,0,0,0,0,0,0,0,0,0,0,1,0,0,0,0,0,0,0,0,0,0,2,0,0,0,0,0,0,0,0,0,1,0,0,0,0,0,0,0,0,1,0,0,0,0,0,0,0,1,0,1,0,0,1,0,0,2,0,3,1,0,0,0,0,0,0,0,0,0,0,0,1,0,0,0,0,0,3,0,0,0,0,0,0,0,0,1,0,0,1,0,0,0,0,0,1,0,0,3,0,3,3,0,0,0,0,0,0,0,0,0,2,0,0,0
BJ,0,0,0,0,0,1,0,2,0,0,0,0,0,6,5,0,0,0,0,0,0,1,1,0,0,0,0,0,4,2,0,2,0,0,0,0,1,1,0,10,1,1,0,1,0,0,1,2,3,4,2,0,11,2,0,0,5,0,0,0,0,0,0,0,0,0,0,0,0,1,0,0,0,0,0,8,0,0,0,0,7,0,0,0,0,0,0,0,0,0,0,0,0,0,0,2,0,0,0,1,0,0,1,0,0,0,0,0,0,3,0,0,2,0,0,5,0,8,5,0,0,0,0,0,0,0,0,1,1,0,4,0,0,1,1,0,2,0,0,0,2,0,1,0,0,4,0,0,0,0,1,0,0,0,0,0,0,4,0,6,5,0,0,0,0,0,0,0,0,0,5,2,0,0
BO,0,0,0,0,0,0,1,1,0,0,0,0,0,1,0,0,0,0,0,0,0,1,0,0,0,0,0,0,0,0,1,1,1,1,0,0,0,0,1,3,0,0,0,0,2,0,0,0,2,0,1,0,3,0,0,0,0,0,0,0,0,0,0,0,0,1,0,2,0,0,0,0,0,0,0,2,0,0,0,0,0,0,0,0,0,0,0,0,0,0,0,1,0,0,0,0,0,0,0,0,0,0,0,0,0,0,0,0,0,0,0,0,0,0,0,0,0,3,1,0,0,0,0,1,0,0,0,0,1,0,0,0,0,0,0,0,0,0,0,0,0,0,1,0,0,0,0,0,0,0,0,0,0,0,1,0,0,0,0,1,2,0,0,0,0,0,0,0,0,0,0,0,0,0
BQ,0,0,0,1,0,0,0,1,0,1,0,0,0,2,0,1,0,0,0,0,0,0,0,0,0,0,0,0,0,0,0,0,0,0,0,0,0,1,1,3,0,1,0,0,0,1,0,1,3,0,1,0,2,0,0,0,0,0,0,0,0,0,0,0,0,2,0,2,0,1,1,0,0,0,0,3,0,0,0,0,0,0,0,0,0,0,0,0,0,0,0,1,1,1,0,0,0,0,0,0,0,0,0,0,0,0,1,0,0,0,0,0,0,0,0,0,0,3,2,0,0,0,0,0,0,0,0,0,1,0,2,0,0,3,0,0,0,0,0,0,1,0,1,1,0,0,0,1,0,0,0,0,0,0,0,0,0,0,0,0,1,0,0,0,0,0,0,0,0,0,0,0,0,0
BR,0,0,0,0,0,1,18,26,6,0,0,1,2,43,0,10,0,0,1,1,0,0,0,0,0,16,0,1,19,1,12,0,17,16,7,3,4,8,15,83,0,29,0,0,8,9,2,26,68,0,18,3,64,2,1,0,2,0,0,0,0,1,0,1,0,5,0,16,2,32,9,11,0,1,8,58,0,2,0,4,3,1,1,7,0,0,0,0,0,0,0,5,7,6,0,3,0,3,0,1,0,0,0,0,0,1,1,0,0,0,10,1,1,1,0,3,0,45,31,0,5,0,1,8,2,0,2,1,19,1,45,0,0,17,3,9,0,0,1,0,30,0,13,8,1,6,0,0,0,0,0,1,0,0,3,10,5,0,3,2,59,26,7,0,1,0,3,0,0,0,23,0,0,0
BW,0,0,0,0,0,0,1,5,0,0,0,0,0,6,3,1,0,1,1,0,0,0,0,0,0,0,0,0,2,2,0,2,1,0,0,0,0,1,3,8,1,3,0,1,0,1,2,2,7,4,4,0,7,0,0,0,4,0,0,0,0,0,0,0,0,0,0,2,0,4,0,0,0,0,1,5,0,0,0,0,4,0,0,1,0,0,0,0,0,0,2,1,0,0,0,1,0,0,0,1,0,1,0,0,0,0,0,1,0,1,0,0,4,0,0,1,0,6,4,0,0,0,0,0,0,0,0,1,1,0,3,0,0,1,0,1,1,0,0,0,7,0,1,1,0,4,0,0,2,0,1,0,0,0,1,1,0,2,0,3,7,0,0,0,0,0,0,0,0,0,8,3,0,0
BY,0,0,0,4,7,0,2,11,0,0,5,0,0,11,0,10,0,0,0,0,0,0,0,0,0,0,0,0,13,0,0,0,0,0,0,0,0,10,8,18,0,7,0,0,0,7,0,12,17,0,4,0,18,0,0,7,0,0,0,0,0,1,0,0,0,9,0,10,0,8,8,0,0,0,3,15,0,0,0,0,0,0,0,0,0,0,0,0,0,0,0,6,6,6,0,0,0,9,5,0,0,5,0,0,0,0,7,0,0,0,1,0,0,0,0,0,0,11,5,0,0,0,0,0,0,0,0,0,15,0,11,0,0,10,7,0,0,0,0,0,3,0,5,8,0,0,0,0,0,0,0,0,0,0,0,9,0,0,8,0,11,0,0,0,0,0,0,0,0,0,1,0,0,0
BZ,0,0,0,0,0,0,0,0,0,0,0,0,0,0,0,0,0,0,0,0,0,0,0,0,0,0,0,0,0,0,1,0,0,0,0,0,0,0,0,1,0,1,0,0,0,0,0,1,1,0,1,0,1,0,0,0,0,0,0,0,0,0,0,0,0,0,0,0,0,0,1,0,0,0,0,1,0,0,0,0,0,0,0,0,0,0,0,0,0,0,0,0,0,0,0,0,0,0,0,0,0,0,0,0,0,0,0,0,0,0,0,0,0,0,0,0,0,1,1,0,0,0,0,0,0,0,0,0,0,0,1,0,0,0,0,0,0,0,0,0,1,0,0,0,0,0,0,0,0,0,0,0,0,0,0,0,0,0,0,0,1,0,0,0,0,0,0,0,0,0,0,0,0,0
CA,0,1,0,1,1,0,7,61,19,0,1,2,1,103,0,17,0,0,0,0,0,16,0,0,0,0,2,0,57,0,3,0,18,4,0,0,0,10,43,150,0,68,0,0,1,15,1,52,122,0,61,10,143,0,0,1,1,0,9,0,0,0,0,0,0,14,0,35,2,48,29,8,1,0,23,129,0,0,1,10,2,1,0,9,0,0,2,0,0,0,0,20,11,15,0,2,0,2,2,0,0,4,0,0,0,0,3,0,0,0,3,0,0,0,0,2,0,116,73,0,5,0,0,1,0,0,2,2,55,0,60,0,0,36,6,18,0,1,0,0,79,0,20,23,0,2,0,0,0,0,0,0,0,0,2,19,5,0,12,2,120,53,1,0,0,0,2,0,0,0,20,0,1,0
CD,0,0,0,0,0,0,0,2,0,0,0,0,0,16,6,1,0,2,0,0,0,0,0,0,0,2,0,3,0,3,0,3,0,2,0,0,0,2,0,10,0,3,0,0,0,1,1,3,10,1,6,0,11,2,0,0,3,0,0,0,2,0,0,0,0,1,0,4,0,2,0,0,0,0,0,5,0,0,0,0,6,0,0,0,0,0,0,0,0,0,0,1,0,0,0,1,0,0,0,0,0,0,2,0,0,1,0,1,0,1,0,0,2,0,0,3,0,10,7,0,0,0,0,0,0,0,0,0,0,0,1,0,0,1,1,0,3,0,0,1,6,0,2,1,1,3,0,0,0,0,1,0,0,0,3,2,0,9,0,8,6,1,0,0,0,0,0,0,0,0,3,3,0,0
CG,0,0,0,0,0,0,1,0,0,0,0,0,0,1,0,0,0,0,0,0,0,1,0,0,0,0,3,0,0,0,0,1,0,0,0,0,0,0,0,3,0,0,0,0,0,0,0,0,3,0,0,0,3,2,0,0,0,0,0,0,0,0,0,0,0,0,0,0,0,0,0,1,0,0,0,2,0,0,0,0,0,0,0,0,0,0,0,0,0,0,0,0,1,0,0,0,0,0,0,0,0,0,0,0,0,0,0,0,0,0,0,0,0,0,0,0,0,2,0,0,0,0,0,0,0,0,0,0,0,0,0,0,0,1,0,0,0,0,0,0,0,0,0,1,0,0,0,0,0,0,0,0,0,0,0,0,0,0,0,1,0,0,0,0,0,0,0,0,0,0,0,0,0,0
CH,1,0,0,14,8,0,15,794,47,0,6,10,3,1193,8,172,0,0,4,0,0,19,2,13,0,57,0,0,0,3,3,6,57,10,0,2,1,165,435,2026,1,601,0,1,1,169,12,742,1496,12,549,6,1630,2,0,18,4,0,2,0,0,1,0,6,0,177,1,316,5,458,254,14,0,0,68,1591,0,0,5,30,19,2,1,25,1,1,5,1,2,0,0,156,164,128,0,11,1,22,15,5,0,29,4,0,1,0,41,1,1,4,10,5,8,5,3,7,0,1335,478,1,10,0,1,4,1,0,3,3,541,2,513,1,0,279,118,32,2,2,0,0,823,3,279,161,1,13,0,0,1,0,2,8,0,0,15,166,13,8,49,13,1561,170,7,1,0,0,2,1,0,0,53,3,2,0
CI,0,0,0,0,0,1,0,2,0,0,0,0,0,11,3,1,0,0,2,0,0,1,2,0,0,0,3,0,3,0,0,2,1,0,0,0,2,2,2,10,0,3,0,0,0,0,1,3,13,2,2,0,15,1,0,0,6,0,0,0,1,0,0,0,0,1,0,1,0,3,0,0,0,0,0,8,0,0,0,0,14,0,0,0,0,0,0,0,0,0,0,0,0,0,0,2,0,0,0,2,0,0,0,0,0,1,0,1,0,1,0,0,3,0,1,6,0,8,3,1,0,0,0,0,0,0,0,0,0,0,2,0,0,1,1,0,2,0,0,2,5,0,1,1,1,8,0,0,0,1,1,0,0,0,1,1,0,2,0,6,5,1,0,0,0,0,0,0,0,0,11,5,1,0
CL,0,0,0,0,0,0,13,13,0,0,0,0,0,17,0,2,0,0,0,1,0,12,0,0,1,3,0,0,3,0,0,0,4,12,6,2,0,0,9,35,0,7,0,0,6,2,1,14,41,1,16,1,30,0,1,0,2,0,0,0,0,1,0,0,0,2,0,6,0,6,5,1,0,0,1,27,0,3,0,0,1,1,0,2,0,0,0,0,0,0,0,0,1,2,0,1,0,0,0,0,0,0,0,0,0,0,1,0,0,0,9,0,0,0,0,0,0,20,11,1,0,0,1,7,0,0,1,0,10,0,19,1,0,6,0,0,1,0,0,0,12,0,2,1,0,0,0,0,0,0,0,0,0,0,1,1,0,1,1,0,25,3,7,0,0,0,2,0,0,0,5,0,0,0
CM,0,0,0,0,0,0,1,6,1,0,0,0,0,10,5,2,0,2,2,1,0,0,2,0,0,0,3,1,6,2,0,0,0,2,0,0,1,1,0,21,1,4,0,3,1,1,4,8,10,5,6,0,17,3,0,0,5,0,0,0,0,0,0,0,0,1,0,1,0,3,2,0,0,0,0,15,0,0,0,0,10,0,0,0,0,0,0,0,0,0,1,2,1,1,0,2,0,0,0,1,0,0,0,0,0,0,0,2,0,1,0,0,4,0,0,6,1,16,3,0,0,0,0,0,0,0,0,0,2,0,5,0,0,2,1,0,3,0,0,1,3,0,1,0,1,8,0,0,1,1,1,1,0,0,3,2,0,3,0,8,8,1,0,0,0,0,1,0,0,0,11,3,1,0
CN,0,0,0,0,1,0,7,46,13,0,0,3,1,88,0,14,0,0,0,1,0,17,1,0,0,18,0,0,57,1,4,0,0,7,1,2,0,12,27,131,0,41,0,0,3,8,1,68,101,2,37,2,108,0,0,3,1,0,2,0,0,0,0,8,0,11,0,31,4,40,13,17,0,1,3,114,0,0,0,15,4,0,1,19,0,0,0,0,1,0,0,10,7,3,0,1,0,0,1,1,0,1,0,0,1,0,4,0,0,0,3,0,0,1,0,2,0,95,45,1,5,0,0,1,1,0,1,0,37,0,42,1,0,21,12,13,0,1,0,0,51,2,19,8,0,2,0,0,0,0,1,1,0,0,3,15,7,0,7,0,116,31,3,0,0,0,3,0,0,0,17,0,0,0
CO,0,0,0,0,0,0,6,18,1,0,0,2,1,27,0,2,0,0,0,1,0,16,0,0,0,4,2,0,10,0,12,2,7,0,5,3,0,4,6,48,0,11,0,1,8,2,2,15,47,0,19,0,33,0,1,0,3,0,0,0,0,0,0,0,0,4,0,9,1,8,2,0,0,1,2,39,0,1,0,1,3,1,1,3,0,0,0,0,0,0,0,6,3,5,0,1,0,0,1,1,0,0,0,0,0,0,0,0,0,0,6,1,1,1,0,1,0,39,8,1,1,0,0,10,2,0,1,0,11,0,21,0,0,10,3,1,1,0,0,0,16,0,4,3,1,3,0,0,0,0,0,0,0,0,0,8,0,3,3,2,29,10,8,0,1,0,2,0,0,0,7,0,0,0
CR,0,0,0,0,0,0,4,5,0,0,0,0,0,9,0,1,0,0,0,0,0,7,0,0,0,0,0,0,0,0,6,0,1,5,0,2,0,0,1,16,0,1,0,0,2,0,0,3,19,1,4,0,11,0,0,0,1,0,0,0,0,1,0,0,0,0,0,1,1,1,3,0,0,0,1,9,0,1,0,0,1,0,0,0,0,0,0,0,0,0,0,0,0,0,0,0,0,0,0,0,0,0,0,0,0,0,0,0,0,0,5,0,0,0,0,1,0,7,4,0,0,0,0,3,0,0,0,0,3,0,8,0,0,2,1,0,0,0,0,0,3,0,4,1,0,0,0,0,0,0,0,0,0,0,0,0,1,0,0,0,9,2,3,0,0,0,0,0,0,0,0,0,0,0
CU,0,0,0,0,0,0,0,1,0,0,0,0,0,3,0,0,0,0,0,0,0,3,0,0,0,0,0,0,2,0,2,0,2,3,2,0,0,0,0,3,0,1,0,0,1,0,0,0,5,1,1,0,4,0,0,0,1,0,0,0,0,0,0,0,0,0,0,0,0,0,0,0,0,0,0,4,0,1,0,0,1,0,1,1,0,0,0,0,0,0,0,0,0,0,0,0,0,0,0,0,0,0,0,0,0,0,0,0,0,0,2,0,0,1,0,1,0,3,2,0,0,0,0,2,1,0,0,0,0,0,2,0,0,1,0,0,0,0,0,0,1,0,2,0,0,2,0,0,0,0,1,0,0,0,1,0,0,0,0,0,6,1,2,0,0,0,0,0,0,0,1,0,0,0
CV,0,0,0,0,0,1,1,1,0,0,0,0,0,6,0,1,0,0,1,0,0,4,0,0,0,0,0,0,1,2,0,1,0,0,0,0,0,1,1,7,0,2,0,0,0,1,0,2,13,0,2,1,10,0,0,0,3,0,0,1,0,0,0,0,0,1,0,0,0,3,0,0,0,0,1,6,0,0,0,0,5,0,0,0,0,0,0,0,0,0,0,0,1,1,0,3,0,0,0,1,0,0,0,0,0,1,0,0,0,0,0,0,1,0,1,2,0,4,8,0,0,0,0,0,0,0,0,0,1,0,8,0,0,2,0,0,0,0,1,0,3,0,1,0,1,3,0,0,0,0,0,0,0,0,1,0,0,0,0,1,3,0,0,0,0,0,0,0,0,0,6,0,0,0
CY,0,0,4,29,17,0,7,350,10,0,7,21,2,576,2,204,0,0,1,0,1,8,1,10,0,10,2,0,165,2,0,1,12,4,0,0,1,0,188,792,0,236,0,1,0,166,18,877,824,4,298,8,635,0,0,24,3,0,0,0,0,1,0,2,0,147,1,149,2,336,154,7,1,1,57,814,0,0,6,7,8,0,0,10,0,1,4,0,0,3,0,128,198,111,0,11,0,43,20,1,1,40,0,0,1,1,88,1,0,1,3,2,1,0,0,5,0,498,260,0,4,0,0,2,0,0,2,1,287,0,380,1,0,285,109,6,2,0,0,1,291,0,225,104,0,4,0,0,0,0,1,2,0,0,22,134,9,1,48,2,405,18,3,0,0,0,1,0,5,0,24,3,0,0
CZ,0,0,0,26,19,0,16,789,18,0,7,21,2,1049,4,254,0,0,0,1,1,15,3,8,0,43,0,0,435,2,9,0,27,6,1,0,1,188,0,1552,0,489,0,0,5,243,9,689,1281,6,569,10,1257,0,1,27,8,0,3,0,0,2,0,3,0,223,0,409,3,456,207,3,0,1,82,1324,0,2,1,19,14,1,0,11,0,0,7,1,0,0,0,254,152,220,0,8,0,44,16,1,0,39,2,0,0,0,76,0,0,1,4,2,1,2,0,2,1,1012,450,1,5,0,0,4,0,0,4,3,650,0,568,0,0,379,132,21,1,0,0,0,676,0,344,324,0,5,1,0,0,0,0,6,0,0,22,204,14,3,115,4,822,91,6,1,0,1,5,0,3,0,33,4,0,0
DE,0,1,0,53,28,1,52,3166,99,1,12,61,14,4907,22,724,1,2,10,3,3,83,8,18,1,150,10,3,2026,10,35,21,131,48,16,3,7,792,1552,0,2,2255,0,13,14,716,39,3270,6556,35,2192,28,6262,12,1,66,53,4,19,0,3,3,0,18,1,614,1,1095,17,1815,873,40,9,7,211,6578,1,4,18,76,82,6,4,60,1,4,26,2,4,4,0,627,607,496,2,56,1,84,34,7,2,96,7,1,1,1,184,4,2,5,24,11,22,6,3,32,2,5210,1952,4,23,1,3,22,4,1,12,10,2090,6,2317,2,1,1205,464,78,18,5,0,1,2989,4,1099,576,3,46,0,1,2,1,3,25,2,1,64,771,41,37,293,51,4443,397,18,4,1,1,20,1,19,1,189,12,4,1
DJ,0,0,0,0,0,0,0,1,0,0,0,0,0,2,1,0,0,0,1,0,0,0,1,0,0,0,0,0,1,0,0,1,0,0,0,0,0,0,0,2,0,0,0,2,0,0,1,0,2,1,1,0,1,0,0,0,1,0,0,0,0,0,0,0,0,0,0,0,0,0,0,0,0,0,0,2,0,0,0,0,2,0,0,0,0,0,0,0,0,0,0,0,0,0,0,1,0,0,0,1,0,0,1,0,0,0,0,0,0,0,0,0,1,0,0,1,0,2,1,0,0,0,0,0,0,0,0,0,0,0,1,0,0,1,0,0,1,0,0,0,0,0,1,0,0,2,0,0,0,1,1,0,0,0,1,0,0,1,0,1,1,0,0,0,0,0,0,0,0,0,1,1,0,0
DK,0,0,2,25,11,0,17,918,40,0,7,25,5,1493,5,286,1,2,1,0,1,29,3,7,1,68,3,0,601,3,7,4,41,11,1,1,2,236,489,2255,0,0,0,0,2,324,11,937,1898,9,735,25,1724,0,0,27,16,1,20,0,0,0,0,7,0,259,0,398,2,677,261,14,3,2,114,1803,0,2,4,23,26,1,0,16,1,0,12,0,2,0,0,241,189,213,0,15,0,27,16,2,0,33,1,0,1,2,82,2,1,3,8,3,4,1,1,7,2,1674,855,1,11,1,0,4,0,0,3,4,718,1,844,1,1,396,162,23,5,4,1,1,1057,4,383,216,0,14,1,0,1,0,1,9,0,0,18,248,11,11,75,12,1318,165,7,1,0,1,9,0,7,0,60,3,1,0
DO,0,0,0,0,0,0,0,0,0,0,0,0,0,1,0,0,0,0,0,0,0,0,0,0,0,0,0,0,0,0,0,0,0,0,0,0,0,0,0,0,0,0,0,0,0,0,0,0,1,0,0,0,0,0,0,0,0,0,0,0,0,0,0,0,0,0,0,0,0,0,0,0,0,0,0,1,0,0,0,0,0,0,0,0,0,0,0,0,0,0,0,0,0,0,0,0,0,0,0,0,0,0,0,0,0,0,0,0,0,0,0,0,0,0,0,0,0,0,0,0,0,0,0,0,0,0,0,0,0,0,0,0,0,0,0,0,0,0,0,0,0,0,0,0,0,0,0,0,0,0,0,0,0,0,0,0,0,0,0,0,0,0,0,0,0,0,0,0,0,0,0,0,0,0
DZ,0,0,0,0,0,0,0,3,0,0,0,0,0,8,5,1,0,1,1,0,0,0,1,0,0,0,0,0,1,0,0,3,0,1,0,0,0,1,0,13,2,0,0,0,0,0,8,7,8,2,5,0,10,0,0,0,4,0,0,0,0,0,0,0,1,0,0,1,0,1,2,0,0,0,0,12,0,0,1,0,6,0,0,0,0,0,2,0,0,0,0,0,1,0,2,7,0,0,0,1,0,0,1,0,0,1,0,0,0,0,0,0,2,0,0,3,0,9,3,0,0,0,1,1,0,0,0,0,0,1,7,0,0,3,0,0,2,0,0,0,1,0,1,0,0,7,0,0,0,1,1,0,0,0,6,5,0,3,0,3,6,0,1,0,0,0,0,0,1,0,9,1,0,0
EC,0,0,0,0,0,0,2,5,1,0,0,0,0,10,0,0,0,0,0,2,0,8,0,0,0,1,0,0,1,0,6,1,3,8,2,1,0,0,5,14,0,2,0,0,0,0,0,2,16,0,4,0,11,0,1,0,1,0,0,0,0,1,0,0,0,2,0,3,0,1,1,0,0,0,0,7,0,1,0,0,1,1,1,1,0,0,0,0,0,0,0,1,0,0,0,0,0,0,0,0,0,0,0,0,0,0,0,0,0,0,5,1,0,1,0,0,0,11,2,1,0,0,0,5,2,0,1,0,4,0,4,0,0,2,1,0,1,0,0,0,3,0,1,0,1,1,0,0,0,0,0,0,0,0,0,1,0,1,0,1,9,2,2,0,1,0,1,0,1,0,2,0,0,0
EE,0,0,0,22,14,0,9,352,6,0,6,12,1,571,0,190,0,0,0,0,1,9,1,7,0,15,1,0,169,0,2,1,8,2,0,0,1,166,243,716,0,324,0,0,0,0,8,418,649,1,402,11,516,0,0,30,2,0,5,0,0,1,0,1,0,151,1,204,2,305,130,3,0,0,72,668,0,1,1,2,3,0,0,2,0,1,2,1,0,0,0,183,118,186,0,5,0,40,18,0,0,31,0,0,0,0,70,1,0,0,1,2,0,2,0,3,0,537,301,0,5,0,0,0,0,0,1,1,313,0,357,0,0,269,79,9,1,0,0,0,352,0,208,153,0,0,0,0,0,0,0,4,0,0,14,141,12,0,54,1,372,24,4,1,0,0,1,0,5,0,26,1,0,0
EG,0,0,0,2,1,0,4,22,0,0,0,3,1,28,7,9,0,1,1,0,0,2,2,0,0,1,1,0,12,1,1,4,1,2,0,0,0,18,9,39,1,11,0,8,0,8,0,32,41,6,13,1,43,0,0,3,9,0,0,0,0,0,0,0,1,10,0,9,0,13,18,0,2,1,6,45,0,0,7,0,9,0,0,0,0,0,5,0,0,0,1,2,3,2,1,16,0,5,2,1,0,4,0,0,0,1,3,1,0,2,0,0,4,0,1,7,0,26,12,0,0,0,1,0,0,0,0,0,16,3,21,0,0,16,5,0,2,0,0,1,14,0,7,6,0,11,0,0,1,0,2,0,0,0,20,24,2,7,1,8,18,0,2,0,0,0,0,0,3,0,13,2,0,0
EL,0,1,0,46,31,0,17,1330,36,0,13,47,7,2318,9,514,0,2,2,0,1,26,2,12,1,52,3,0,742,3,14,8,68,15,3,0,2,877,689,3270,0,937,0,7,2,418,32,0,3160,19,1037,14,2590,1,1,50,20,4,2,0,0,1,0,10,0,382,0,543,8,994,449,18,6,2,108,3140,0,1,9,29,37,4,0,34,0,1,20,1,2,5,0,361,434,297,2,29,0,73,31,1,2,76,2,0,0,1,163,2,0,0,3,5,4,2,1,12,0,2079,879,0,12,0,1,6,3,1,5,3,1060,4,1361,0,0,818,335,24,5,0,0,0,1156,2,634,322,2,15,0,0,1,0,0,10,0,0,54,462,20,6,155,11,1740,105,7,2,0,0,7,1,11,0,71,5,4,0
ES,1,0,0,58,22,1,64,2497,72,2,8,60,10,4406,12,669,1,1,3,2,3,68,7,17,1,122,10,3,1496,13,41,10,101,47,19,5,13,824,1281,6556,2,1898,1,8,16,649,41,3160,0,22,1915,22,5321,4,0,53,34,3,8,1,2,3,0,12,0,615,1,963,11,1725,768,31,3,6,184,5944,0,6,15,54,61,4,2,44,1,3,29,1,3,5,0,528,545,441,1,55,0,80,38,6,0,99,6,0,1,2,188,3,0,5,26,10,24,5,5,21,1,4141,1677,1,21,1,1,20,3,0,7,5,1881,7,2371,2,1,1171,470,47,10,2,1,2,2354,5,1058,508,1,33,0,1,1,2,4,20,0,0,81,767,38,23,239,37,3530,301,21,3,0,0,15,1,17,1,145,8,4,0
ET,0,0,0,0,0,0,2,13,0,0,0,0,1,23,6,3,0,2,4,0,0,0,4,0,0,0,1,0,12,2,1,5,2,0,1,1,0,4,6,35,1,9,0,2,0,1,6,19,22,0,10,0,23,1,0,1,9,0,0,0,0,0,0,0,0,1,0,2,3,8,2,1,0,0,2,32,0,0,1,0,25,1,1,1,0,0,1,0,3,0,1,3,2,2,0,3,0,1,0,2,0,1,1,0,0,0,1,2,0,6,1,0,9,0,1,9,0,26,20,1,0,0,0,0,0,0,0,1,7,0,8,0,0,3,4,1,8,0,0,1,16,0,3,2,1,11,0,0,1,1,2,2,1,0,7,5,0,11,4,18,27,3,0,0,0,0,0,0,0,0,23,7,2,0
FI,1,0,0,16,3,0,13,933,31,0,1,22,4,1524,12,302,1,1,2,1,1,18,4,4,1,61,6,0,549,2,16,6,37,19,4,1,2,298,569,2192,1,735,0,5,4,402,13,1037,1915,10,0,20,1733,0,0,24,16,0,16,0,0,0,0,6,0,234,0,403,5,654,214,12,2,0,105,1827,0,1,3,27,25,1,0,22,0,0,9,2,2,2,0,274,235,261,0,8,1,37,12,3,0,33,1,0,0,0,87,1,0,0,7,4,2,2,1,5,0,1543,759,1,13,1,0,5,1,1,5,2,753,0,860,0,0,445,169,32,4,1,0,0,1086,1,420,242,0,13,0,0,0,0,1,7,0,0,24,274,17,13,106,15,1161,119,7,0,0,0,7,0,9,0,65,5,0,0
FO,0,0,0,4,1,0,0,8,0,0,0,3,0,15,0,8,0,0,0,0,0,3,0,0,0,10,0,0,6,0,1,0,2,0,0,0,1,8,10,28,0,25,0,0,0,11,1,14,22,0,20,0,21,0,0,1,0,0,5,0,0,0,0,0,0,9,0,8,0,19,7,0,0,0,26,24,0,0,0,0,0,0,0,1,0,1,0,0,0,0,0,10,3,6,0,2,0,4,3,0,0,3,0,0,0,1,7,0,0,0,0,0,0,0,0,0,0,19,27,0,2,0,0,0,0,0,0,0,13,0,21,0,0,8,4,5,0,0,1,0,20,0,6,7,0,1,0,0,0,0,0,0,0,0,4,10,0,0,1,0,19,7,0,0,0,0,2,0,1,0,3,0,0,0
FR,0,0,1,48,24,1,51,2197,80,0,15,50,7,4047,25,547,1,3,11,3,2,64,7,18,1,143,11,3,1630,15,30,17,108,33,11,4,10,635,1257,6262,1,1724,0,10,11,516,43,2590,5321,23,1733,21,0,4,1,52,35,3,16,1,2,3,0,11,1,489,1,868,10,1483,670,26,6,3,175,5238,1,5,15,62,63,3,4,49,1,2,25,1,0,2,0,467,489,400,2,50,1,77,33,9,1,72,7,1,0,1,161,4,1,3,20,9,10,9,2,22,2,3942,1537,1,21,1,3,16,7,0,8,6,1670,5,1955,0,1,981,354,67,7,5,0,2,2279,3,869,456,5,56,0,1,0,1,4,20,2,1,81,641,38,17,229,33,3498,347,19,2,1,0,16,1,14,1,158,8,4,1
GA,0,0,0,0,0,0,1,1,0,0,0,0,0,1,1,0,0,0,2,0,0,2,0,0,0,0,2,2,2,1,0,3,0,0,0,0,0,0,0,12,0,0,0,0,0,0,0,1,4,1,0,0,4,0,0,0,3,0,0,0,0,0,0,0,0,0,0,0,0,0,1,1,0,0,0,6,0,0,0,0,1,0,0,0,0,0,0,0,0,0,0,1,1,0,0,0,0,0,0,0,0,0,1,0,0,0,0,0,0,0,0,0,3,0,0,4,0,8,0,0,0,0,0,0,0,0,0,0,0,0,0,0,0,1,1,0,0,0,0,0,2,0,0,1,1,0,0,0,0,0,0,0,0,0,0,0,0,1,0,2,2,3,0,0,0,0,0,0,0,0,1,0,0,0
GD,0,0,0,0,0,0,0,0,0,0,0,0,0,0,0,0,0,0,0,0,0,1,0,0,0,0,0,0,0,0,1,0,0,1,0,0,0,0,1,1,0,0,0,0,1,0,0,1,0,0,0,0,1,0,0,0,1,0,0,0,0,0,0,0,0,0,0,1,0,0,0,0,0,0,0,0,0,0,0,0,0,1,0,1,0,0,0,0,0,0,0,0,0,0,0,0,0,0,0,0,0,0,0,0,0,0,0,0,0,0,1,0,0,0,0,0,0,1,0,0,0,0,0,0,0,0,0,0,0,0,0,0,0,0,0,0,0,0,0,0,0,0,0,0,0,0,0,0,0,0,0,0,0,0,0,0,0,0,0,0,1,0,1,0,0,0,0,0,0,0,1,0,0,0
GE,0,0,0,12,20,0,2,36,1,0,8,10,0,51,0,34,0,0,0,0,0,0,0,7,0,1,0,0,18,0,0,0,3,0,0,0,0,24,27,66,0,27,0,0,0,30,3,50,53,1,24,1,52,0,0,0,0,0,0,0,0,1,0,0,0,23,0,27,0,30,21,1,2,0,11,62,0,0,2,0,2,1,0,1,0,0,0,0,1,0,0,25,16,30,0,3,0,31,13,0,0,16,1,0,0,0,12,0,0,0,1,0,1,0,0,0,0,36,25,0,1,0,0,0,0,0,0,0,41,2,35,0,0,38,26,5,0,0,0,0,25,0,24,27,0,0,0,0,0,0,0,0,0,0,3,37,0,0,33,0,36,0,0,1,0,0,0,0,1,1,6,0,0,0
GH,0,1,0,0,0,0,1,12,1,0,0,0,1,35,18,3,0,0,5,0,0,2,4,0,0,1,3,0,4,6,2,5,1,3,1,1,3,3,8,53,1,16,0,4,1,2,9,20,34,9,16,0,35,3,1,0,0,0,0,1,0,0,0,1,0,1,0,6,1,8,2,1,0,0,0,45,0,1,0,0,37,1,0,1,0,0,1,0,0,0,0,1,2,3,0,6,0,0,0,2,0,1,3,0,0,1,0,0,0,7,2,0,6,0,3,16,0,49,18,0,1,0,0,1,0,0,2,1,4,0,19,0,0,5,5,0,5,0,0,2,16,0,4,8,2,18,1,0,0,1,1,1,0,0,9,6,0,16,3,19,31,4,2,0,0,0,2,0,1,0,38,8,3,0
GI,0,0,0,0,0,0,1,1,0,0,0,1,0,3,0,0,0,0,0,0,0,0,0,0,0,0,0,0,0,0,0,0,0,0,0,0,0,0,0,4,0,1,0,0,0,0,0,4,3,0,0,0,3,0,0,0,0,0,0,0,0,0,0,0,0,0,0,0,0,2,3,0,0,0,0,4,0,0,0,0,0,0,0,0,0,0,0,0,0,0,0,0,1,0,0,0,0,0,0,0,0,0,0,0,0,0,0,0,0,0,0,0,0,0,0,0,0,3,2,0,0,0,0,0,0,0,0,0,0,0,2,0,0,1,0,0,0,0,0,0,2,0,0,0,0,0,0,0,0,0,0,0,0,0,0,0,0,0,0,0,3,0,0,0,0,0,0,0,0,0,0,0,0,0
GL,0,0,0,0,0,0,0,7,0,0,0,0,0,12,0,2,0,0,0,0,0,0,0,0,0,9,0,0,2,0,0,0,2,0,0,0,0,0,3,19,0,20,0,0,0,5,0,2,8,0,16,5,16,0,0,0,0,0,0,0,0,0,0,0,0,1,0,0,0,5,0,1,0,0,9,11,0,0,0,4,0,0,0,2,0,0,0,0,0,0,0,0,0,0,0,0,0,0,0,0,0,0,0,0,0,0,0,0,1,0,0,0,0,0,0,0,0,10,23,0,1,0,0,0,0,0,0,0,8,0,7,0,0,2,0,6,0,0,0,0,14,0,2,1,0,0,0,0,0,0,0,0,0,0,0,3,0,0,1,0,11,7,0,0,0,0,0,0,0,0,0,0,0,0
GM,0,0,0,0,0,0,0,0,0,0,0,0,0,1,0,0,0,0,0,0,0,0,0,0,0,0,0,0,0,0,0,0,0,0,0,0,1,0,0,0,0,0,0,0,0,0,0,0,1,0,0,0,1,0,0,0,1,0,0,0,0,0,0,0,0,0,0,0,0,0,0,0,0,0,0,0,0,0,0,0,1,0,0,0,0,0,0,0,0,0,0,0,0,0,0,0,0,0,0,0,0,0,0,0,0,0,0,0,0,0,0,0,0,0,0,0,0,0,0,0,0,0,0,0,0,0,0,0,0,0,1,0,0,0,0,0,0,0,0,0,0,0,0,0,0,1,0,0,0,0,0,0,0,0,0,0,0,0,0,0,0,0,0,0,0,0,0,0,0,0,0,0,0,0
GN,0,0,0,0,0,0,0,2,0,0,0,0,0,3,0,0,0,0,0,0,0,0,0,0,0,0,2,0,0,1,0,0,0,0,0,0,0,0,0,3,0,0,0,0,0,0,0,0,2,0,0,0,2,0,0,0,0,0,0,0,0,0,0,0,0,0,0,1,0,1,0,0,0,0,0,0,0,0,0,0,0,0,1,0,0,0,0,0,0,0,0,0,0,0,0,0,0,0,0,0,0,0,1,0,0,0,0,0,0,0,0,0,0,0,0,0,0,1,1,0,0,0,0,0,0,0,0,0,1,0,0,0,0,0,0,0,0,0,0,0,0,0,0,0,0,1,0,0,0,0,0,1,0,0,0,0,0,0,0,0,0,1,0,0,0,0,0,0,0,0,0,0,0,0
GT,0,0,0,0,1,0,2,3,0,0,0,0,0,1,0,1,0,0,0,0,0,1,0,1,0,0,0,0,1,0,1,0,0,0,1,0,0,1,2,3,0,0,0,0,1,1,0,1,3,0,0,0,3,0,0,1,0,0,0,0,0,0,0,0,0,1,0,1,0,0,2,0,0,0,1,3,0,1,0,0,0,0,0,0,0,0,0,0,0,0,0,0,1,1,0,0,0,1,0,0,0,0,0,0,0,0,0,0,0,0,2,0,0,0,0,0,0,3,2,0,0,0,0,1,0,0,0,0,1,0,1,0,0,1,0,0,0,0,0,0,1,0,1,2,0,0,0,0,0,0,0,0,0,0,0,0,0,0,0,0,2,0,0,0,0,0,0,0,0,0,0,0,0,0
GW,0,0,0,0,0,0,0,0,0,0,0,0,0,0,0,0,0,0,0,0,0,0,0,0,0,0,0,0,0,0,0,0,0,0,0,0,0,0,0,0,0,0,0,0,0,0,0,0,0,0,0,0,0,0,0,0,0,0,0,0,0,0,0,0,0,0,0,0,0,0,0,0,0,0,0,0,0,0,0,0,0,0,0,0,0,0,0,0,0,0,0,0,0,0,0,0,0,0,0,0,0,0,0,0,0,0,0,0,0,0,0,0,1,0,0,0,0,0,0,0,0,0,0,0,0,0,0,0,0,0,1,0,0,0,0,0,0,0,0,0,0,0,0,0,0,0,0,0,0,0,0,0,0,0,0,0,0,0,0,0,0,0,0,0,0,0,0,0,0,0,0,0,0,0
HK,0,0,0,0,0,0,0,7,4,0,0,0,1,8,0,1,0,0,0,0,0,1,0,0,0,0,0,0,6,0,0,0,8,0,0,0,0,2,3,18,0,7,0,0,0,1,0,10,12,0,6,0,11,0,0,0,1,0,0,0,0,0,0,0,0,2,0,2,0,9,3,0,0,0,2,13,0,0,0,1,1,0,0,1,0,0,0,0,0,0,0,0,0,1,0,0,0,0,0,0,0,0,0,0,0,0,0,0,0,0,0,0,0,0,0,0,0,14,4,0,0,0,0,0,0,0,0,0,4,0,3,0,0,0,2,1,0,0,0,0,9,0,0,2,0,0,0,0,0,0,0,0,0,0,0,0,2,0,1,0,17,4,0,0,0,0,0,0,0,0,0,0,0,0
HN,0,0,0,0,0,0,0,0,0,0,0,0,0,1,1,0,0,0,0,0,0,0,0,0,0,0,0,0,0,0,0,0,0,0,0,0,0,0,0,1,0,0,0,1,0,0,1,0,0,0,0,0,1,0,0,0,0,0,0,0,0,0,0,0,0,0,0,1,0,1,0,0,0,0,0,1,0,0,0,0,1,0,0,0,0,0,0,0,0,0,0,0,0,0,0,1,0,0,0,0,0,0,0,0,0,0,0,0,0,0,0,0,0,0,0,0,0,1,1,0,0,0,1,0,0,0,0,0,0,0,0,0,0,0,0,0,0,0,0,0,1,0,0,0,0,1,0,0,0,0,0,0,0,0,0,1,0,0,0,0,1,0,1,0,0,0,0,0,0,0,1,0,0,0
HR,0,0,0,29,15,0,9,382,10,0,6,36,0,490,1,199,0,0,0,1,2,5,0,9,0,14,1,0,177,1,2,1,11,4,0,0,1,147,223,614,0,259,0,0,2,151,10,382,615,1,234,9,489,0,0,23,1,0,1,0,0,1,0,2,0,0,0,213,3,273,82,3,0,1,65,595,0,0,2,6,5,0,0,4,0,0,1,1,0,1,0,142,104,133,0,5,0,32,27,0,0,50,0,0,0,1,68,0,0,1,1,3,3,0,0,3,0,433,211,0,1,0,0,1,0,0,2,1,315,0,348,0,0,248,124,7,2,0,0,1,280,0,251,169,0,1,0,1,0,0,1,5,0,0,12,108,6,1,61,2,325,29,3,0,0,0,3,0,2,0,16,2,0,0
HT,0,0,0,0,0,0,0,0,0,0,0,0,0,1,0,0,0,0,0,0,0,0,0,0,0,0,0,0,1,0,0,0,0,0,0,0,0,1,0,1,0,0,0,0,0,1,0,0,1,0,0,0,1,0,0,0,0,0,0,0,0,0,0,0,0,0,0,0,0,0,1,0,0,0,0,1,0,0,0,0,0,0,0,0,0,0,0,0,0,0,0,0,0,0,0,0,0,0,0,0,0,0,0,0,0,0,0,0,0,0,0,0,0,0,0,1,0,1,1,0,0,0,0,0,0,0,0,0,0,0,0,0,0,0,0,0,0,0,0,0,0,0,0,0,0,0,0,0,0,0,0,1,0,0,0,0,0,0,0,0,1,0,0,0,0,0,0,0,0,0,1,0,0,0
HU,0,0,0,30,19,0,12,570,18,1,8,27,2,811,6,237,0,0,0,2,2,16,2,10,0,35,4,0,316,1,6,1,31,9,1,0,0,149,409,1095,0,398,0,1,3,204,9,543,963,2,403,8,868,0,1,27,6,0,0,0,1,1,0,2,1,213,0,0,4,374,163,5,0,0,63,969,0,0,2,13,13,1,1,6,0,0,7,0,0,0,0,204,134,169,0,7,0,39,25,0,0,42,1,0,0,1,69,0,0,1,3,3,2,2,0,3,0,785,329,1,6,0,1,0,0,1,4,1,489,1,468,0,1,349,132,16,2,0,0,1,526,0,294,246,0,8,0,0,0,0,1,7,0,0,14,169,10,3,87,5,621,62,7,0,0,0,6,0,4,0,26,2,1,0
ID,0,0,0,0,0,0,1,7,2,0,0,1,0,9,0,1,0,0,0,0,0,2,0,0,0,2,0,0,5,0,0,0,4,1,1,0,0,2,3,17,0,2,0,0,0,2,0,8,11,3,5,0,10,0,0,0,1,0,0,0,0,0,0,0,0,3,0,4,0,2,1,2,0,0,0,11,0,0,0,1,0,0,0,2,0,0,1,0,0,0,0,0,1,2,0,0,0,0,0,0,0,0,0,1,0,0,0,0,0,0,0,2,0,0,0,0,0,9,5,0,0,0,0,1,0,0,3,0,4,0,7,0,0,2,1,4,0,0,0,0,5,0,1,3,0,0,0,0,0,0,0,2,0,0,1,4,1,0,1,0,9,3,0,0,0,0,3,0,0,0,3,0,0,0
IE,1,0,0,29,14,1,18,747,28,0,8,24,5,1359,5,295,0,1,1,0,1,32,4,8,0,48,2,0,458,3,6,3,40,8,1,0,3,336,456,1815,0,677,0,1,1,305,13,994,1725,8,654,19,1483,0,0,30,8,2,5,0,1,0,0,9,1,273,0,374,2,0,242,6,1,1,98,1625,1,1,3,15,16,0,0,19,1,0,3,0,0,2,1,245,207,210,0,11,1,48,21,3,0,35,1,0,0,0,109,1,0,6,1,2,1,2,1,1,2,1255,611,0,13,0,1,6,0,0,2,2,610,0,827,0,0,465,186,19,2,0,0,0,730,1,356,233,1,6,0,0,1,0,0,6,0,0,19,249,11,7,89,10,1089,105,9,0,0,0,6,0,5,0,65,1,0,0
IL,0,0,0,24,16,0,12,347,10,0,8,13,2,557,1,129,0,0,0,0,1,9,0,8,1,29,0,0,254,0,5,2,13,2,3,0,0,154,207,873,0,261,0,2,1,130,18,449,768,2,214,7,670,1,0,21,2,3,0,0,0,2,0,3,0,82,1,163,1,242,0,9,1,0,46,750,0,0,4,5,4,0,0,5,1,1,1,0,0,1,0,86,94,100,0,13,0,35,16,1,0,28,1,0,1,0,43,1,0,0,4,0,0,3,0,2,0,560,230,0,4,0,1,1,0,0,1,0,274,2,331,1,0,210,64,12,0,0,0,0,306,2,135,100,1,2,0,0,0,0,0,3,0,0,14,145,14,1,31,1,513,64,3,0,0,0,0,0,5,0,25,0,0,0
IN,0,0,0,0,0,0,5,19,2,0,0,0,1,27,0,2,0,0,0,0,0,11,0,0,0,8,0,1,14,0,1,0,17,0,0,0,0,7,3,40,0,14,0,0,0,3,0,18,31,1,12,0,26,1,0,1,1,0,1,0,0,0,0,0,0,3,0,5,2,6,9,0,0,0,1,31,0,0,0,7,5,0,0,6,0,0,1,0,2,0,0,4,4,2,0,3,0,0,0,0,0,1,0,0,1,0,0,1,0,0,3,1,1,0,0,1,0,36,14,0,1,0,0,0,0,0,3,2,9,1,9,1,0,4,2,8,0,0,0,0,13,1,3,4,1,0,0,0,0,0,0,2,0,0,0,2,5,1,2,3,37,12,0,0,0,0,3,0,0,0,9,0,0,0
IQ,0,1,0,1,0,0,0,3,0,0,0,4,0,4,0,1,0,0,0,0,0,0,0,0,0,1,0,0,0,0,0,0,0,0,0,0,0,1,0,9,0,3,0,0,0,0,2,6,3,0,2,0,6,0,0,2,0,0,0,0,0,0,0,0,0,0,0,0,0,1,1,0,0,1,0,6,0,0,3,0,0,0,0,0,0,0,3,0,0,0,0,0,0,0,0,2,0,0,0,0,0,0,0,0,0,0,1,0,0,0,0,0,0,0,0,1,0,1,2,0,0,0,0,0,0,0,0,0,3,1,1,0,0,0,4,0,0,0,0,0,4,0,3,1,0,2,0,0,0,0,0,0,0,0,2,5,0,0,1,0,4,0,0,0,0,0,0,0,5,0,0,0,0,1
IR,0,0,0,0,0,0,1,2,0,0,0,0,0,6,0,2,0,0,0,0,0,1,0,0,0,0,0,0,0,0,0,0,1,1,0,0,0,1,1,7,0,2,0,0,0,0,1,2,6,0,0,0,3,0,0,0,0,0,0,0,0,0,0,0,0,1,0,0,0,1,0,0,1,0,0,4,0,0,1,0,0,0,0,0,0,0,1,0,0,0,0,0,1,0,0,0,0,0,0,0,0,0,0,0,0,0,0,0,0,0,0,0,0,0,0,0,0,2,1,0,0,0,0,0,0,0,0,0,1,1,2,0,0,0,0,0,0,0,0,0,1,0,2,0,0,0,0,0,0,0,0,0,0,0,0,0,0,0,0,0,5,1,1,0,0,0,0,0,0,0,0,0,0,0
IS,0,0,0,10,6,0,7,101,7,0,0,8,0,154,0,51,0,0,0,0,0,8,1,3,0,23,0,0,68,0,1,0,3,2,1,0,1,57,82,211,0,114,0,0,0,72,6,108,184,2,105,26,175,0,0,11,0,0,9,0,0,1,0,2,0,65,0,63,0,98,46,1,0,0,0,198,0,0,0,4,1,0,0,3,0,1,0,0,0,0,0,54,36,52,0,3,0,14,6,1,0,12,0,0,0,1,23,0,0,0,3,0,0,0,0,0,0,151,157,0,5,0,0,0,0,0,1,0,102,0,122,0,0,71,24,12,0,1,1,0,118,0,66,48,0,1,0,0,0,0,0,0,0,0,9,62,2,0,21,0,133,23,3,0,0,0,3,0,1,0,11,0,0,0
IT,1,0,1,56,26,0,46,2478,78,1,12,60,11,4283,18,677,1,0,8,2,3,58,5,15,1,129,5,2,1591,8,27,15,114,39,9,4,6,814,1324,6578,2,1803,1,12,7,668,45,3140,5944,32,1827,24,5238,6,0,62,45,4,11,0,0,3,0,13,1,595,1,969,11,1625,750,31,6,4,198,0,0,5,14,51,81,2,1,39,1,1,28,2,4,5,0,539,507,438,2,58,1,76,38,4,1,94,5,1,1,2,203,3,0,5,19,9,18,5,4,25,2,4194,1597,2,30,1,2,16,2,1,11,8,1915,6,2203,1,1,1201,450,66,11,3,0,2,2353,3,1057,532,2,41,1,1,0,2,3,21,1,0,79,777,39,27,243,37,3540,308,16,2,0,1,19,1,13,0,142,12,5,1
JE,0,0,0,0,0,0,0,1,0,0,0,0,0,1,0,0,0,0,0,0,0,0,0,0,0,0,0,0,0,0,0,0,0,0,0,0,0,0,0,1,0,0,0,0,0,0,0,0,0,0,0,0,1,0,0,0,0,0,0,0,0,0,0,0,0,0,0,0,0,1,0,0,0,0,0,0,0,0,0,0,0,0,0,0,0,0,0,0,0,0,0,0,0,0,0,0,0,0,0,0,0,0,0,0,0,0,0,0,0,0,0,0,0,0,0,0,0,1,0,0,0,0,0,0,0,0,0,0,0,0,0,0,0,0,0,0,0,0,0,0,0,0,0,0,0,0,0,0,0,0,0,0,0,0,0,0,0,0,0,0,1,0,0,0,0,0,0,0,0,0,0,0,0,0
JM,0,0,0,0,0,0,2,2,0,0,0,0,0,0,0,0,0,0,0,0,0,2,0,0,0,0,0,0,0,0,3,0,0,1,1,1,0,0,2,4,0,2,0,0,1,1,0,1,6,0,1,0,5,0,0,0,1,0,0,0,0,1,0,0,0,0,0,0,0,1,0,0,0,0,0,5,0,0,0,0,0,0,0,0,0,0,0,0,0,0,0,0,0,0,0,0,0,0,0,0,0,0,0,0,0,0,0,0,0,0,2,0,0,0,0,0,0,4,2,0,0,0,0,2,0,0,0,0,0,0,4,0,0,0,0,0,0,0,0,0,2,0,1,0,0,0,0,0,0,0,0,0,0,0,0,0,0,0,0,0,4,1,0,0,0,0,0,0,0,0,1,0,0,0
JO,0,1,0,1,1,0,1,7,0,0,0,3,0,7,0,3,0,0,0,0,0,0,0,0,0,1,0,0,5,0,0,0,0,0,0,0,0,6,1,18,0,4,0,1,0,1,7,9,15,1,3,0,15,0,0,2,0,0,0,0,0,0,0,0,0,2,0,2,0,3,4,0,3,1,0,14,0,0,0,0,0,0,0,0,0,0,4,0,0,0,0,1,0,1,1,6,0,1,1,0,0,3,0,0,0,0,2,0,0,0,0,0,0,0,0,1,0,4,2,0,0,0,0,0,0,0,0,1,5,2,2,0,0,3,2,0,0,0,0,0,5,0,4,0,0,0,0,0,0,0,0,0,0,0,6,9,0,1,0,0,10,0,0,0,0,0,0,0,2,0,0,0,0,0
JP,0,0,0,0,0,0,2,30,6,0,1,0,0,48,0,4,0,0,0,0,0,4,0,0,0,10,0,0,30,0,0,0,15,1,0,0,0,7,19,76,0,23,0,0,0,2,0,29,54,0,27,0,62,0,0,0,0,0,4,0,0,0,0,1,0,6,0,13,1,15,5,7,0,0,4,51,0,0,0,0,0,0,0,15,0,0,0,0,0,0,0,7,0,3,0,0,0,0,0,0,0,0,0,0,0,0,2,0,0,0,1,0,1,0,0,0,0,40,20,0,2,0,0,0,0,0,0,0,17,0,11,0,0,5,3,8,0,0,0,0,32,2,11,7,0,0,0,0,0,0,0,1,0,0,0,3,4,0,9,0,51,25,1,0,0,0,1,0,0,0,4,0,0,0
KE,0,0,0,1,0,0,1,25,3,0,0,0,1,66,15,7,0,2,7,0,0,3,4,0,0,2,6,0,19,14,1,10,4,3,1,1,5,8,14,82,2,26,0,6,1,3,9,37,61,25,25,0,63,1,0,2,37,0,0,1,0,0,0,1,1,5,0,13,0,16,4,5,0,0,1,81,0,0,0,0,0,0,0,1,0,0,1,0,2,0,1,4,2,3,0,9,0,1,0,5,0,1,3,0,0,1,5,4,0,10,1,0,8,0,3,22,0,75,27,1,2,0,1,1,0,0,2,0,12,1,22,0,0,8,9,1,17,0,0,3,34,0,11,6,3,26,0,0,1,2,3,1,0,0,13,9,0,29,3,37,50,4,2,0,0,0,3,0,0,0,52,14,4,0
KG,0,0,0,0,0,0,0,3,0,0,0,0,0,7,0,1,0,0,0,0,0,1,0,0,0,1,0,0,2,0,1,0,0,1,0,0,0,0,1,6,0,1,0,0,1,0,0,4,4,1,1,0,3,0,1,1,1,0,0,0,0,0,0,0,0,0,0,1,0,0,0,0,0,0,0,2,0,0,0,0,0,0,0,1,0,2,0,0,3,0,0,0,0,1,0,1,0,1,0,0,0,0,0,0,0,0,1,0,0,0,1,0,0,0,0,0,0,5,1,1,0,0,0,0,0,0,0,1,2,0,2,0,0,1,1,0,0,0,0,0,1,0,0,0,0,0,0,0,0,0,0,1,2,1,0,0,0,0,0,2,5,1,1,2,0,0,1,0,0,0,1,0,0,0
KH,0,0,0,0,0,0,0,0,0,0,0,0,0,5,0,1,0,0,0,0,0,1,0,0,0,0,0,0,1,0,0,0,1,1,0,1,0,0,0,4,0,0,0,0,1,0,0,0,2,1,0,0,4,0,0,0,0,0,0,0,1,0,0,0,0,0,0,1,0,0,0,0,0,0,0,1,0,0,0,0,0,0,0,1,0,0,0,0,0,0,0,0,0,0,0,0,0,0,0,0,0,0,0,0,0,0,0,0,0,0,1,0,1,1,0,0,0,2,2,0,0,0,0,1,1,0,0,0,0,0,2,0,0,0,0,0,0,0,0,0,1,0,1,0,0,1,0,0,0,0,0,1,0,0,0,1,0,0,0,1,2,1,0,0,0,0,0,0,0,0,0,0,0,0
KR,0,0,0,0,2,0,2,18,4,0,0,2,0,43,1,12,0,0,0,0,0,7,1,0,0,9,0,0,25,0,2,0,19,3,0,1,0,10,11,60,0,16,0,0,1,2,0,34,44,1,22,1,49,0,1,1,1,0,2,0,0,0,0,1,0,4,0,6,2,19,5,6,0,0,3,39,0,0,0,15,1,1,1,0,0,0,0,0,0,0,0,10,4,5,0,0,0,0,0,1,0,0,0,0,0,0,0,0,0,0,3,0,0,0,0,0,0,38,16,0,0,0,0,0,0,0,0,0,12,0,17,0,0,7,3,6,0,0,0,0,24,0,2,4,0,1,0,0,0,0,0,1,0,0,1,8,2,0,3,0,45,20,1,0,0,0,1,0,0,0,12,0,0,0
KW,0,0,0,0,0,0,0,0,0,0,0,0,0,1,0,0,0,0,0,0,0,0,0,0,0,0,0,0,1,0,0,0,0,0,0,0,0,0,0,1,0,1,0,0,0,0,0,0,1,0,0,0,1,0,0,0,0,0,0,0,0,0,0,0,0,0,0,0,0,1,1,0,0,0,0,1,0,0,0,0,0,0,0,0,0,0,0,0,0,0,0,0,0,0,0,0,0,0,0,0,0,0,0,0,0,0,0,0,0,0,0,0,0,0,0,0,0,1,0,0,0,0,0,0,0,0,0,0,0,0,0,0,0,0,0,0,0,0,0,0,1,0,0,0,0,0,0,0,0,0,0,0,0,0,0,0,0,0,0,0,1,1,0,0,0,0,0,0,0,0,0,0,0,0
KZ,0,0,0,0,0,0,0,1,0,0,0,0,0,4,0,1,0,0,0,0,0,0,0,0,0,0,0,0,1,0,0,0,0,0,0,0,0,1,0,4,0,0,0,0,0,1,0,1,3,0,0,1,2,0,0,0,0,0,0,0,0,0,0,0,0,0,0,0,0,0,1,0,0,0,1,1,0,0,0,0,0,2,0,0,0,0,0,0,1,0,0,1,0,1,0,0,0,0,0,0,0,0,0,0,0,0,1,0,0,0,0,0,0,0,0,0,0,0,0,0,0,0,0,0,0,0,0,0,2,0,1,0,0,0,0,0,0,0,0,0,0,1,1,1,0,0,0,0,0,0,0,0,1,1,0,2,0,0,0,0,2,0,0,2,0,0,0,0,1,0,0,0,0,0
LB,0,0,0,0,0,0,1,9,1,0,0,2,0,17,0,5,0,0,0,0,0,0,0,0,0,2,0,0,5,0,0,0,0,0,0,0,0,4,7,26,0,12,0,2,0,2,5,20,29,1,9,0,25,0,0,0,1,0,0,0,0,0,0,0,0,1,0,7,1,3,1,1,3,1,0,28,0,0,4,0,1,0,0,0,0,0,0,0,0,0,0,1,0,0,2,5,0,0,0,0,0,0,0,0,0,1,1,0,0,0,0,1,0,0,0,0,0,12,7,0,0,0,0,0,0,0,0,0,10,3,12,0,1,5,2,2,1,0,0,0,8,0,7,5,0,0,0,0,0,0,0,1,0,0,10,10,0,0,3,1,15,1,0,0,0,0,0,0,1,0,4,0,0,0
LI,0,0,0,0,0,0,0,1,0,0,0,0,0,1,0,0,0,0,0,0,0,0,0,0,0,0,0,0,1,0,0,0,0,0,0,0,0,0,1,2,0,0,0,0,0,1,0,1,1,0,2,0,1,0,0,0,0,0,0,0,0,0,0,0,0,1,0,0,0,0,0,0,0,0,0,2,0,0,0,0,0,0,0,0,0,0,0,0,0,0,0,2,0,1,0,0,0,0,0,0,0,0,0,0,0,0,0,0,0,0,0,0,0,0,0,0,0,1,0,0,0,0,0,0,0,0,0,0,1,0,1,0,0,0,0,0,0,0,0,0,1,0,1,1,0,0,0,0,0,0,0,0,0,0,0,1,0,0,1,0,1,0,0,0,0,0,0,0,0,0,0,0,0,0
LK,0,0,0,0,0,0,0,2,1,0,0,0,0,4,0,0,0,0,0,0,0,0,0,0,0,0,0,0,2,0,0,0,1,0,0,0,0,0,0,4,0,2,0,0,0,0,0,2,3,3,2,0,0,0,0,1,0,0,0,0,0,0,0,0,0,0,0,0,0,0,0,2,0,0,0,4,0,0,0,0,2,3,0,0,0,1,0,0,0,0,0,0,0,0,0,1,0,1,0,0,0,0,0,0,0,0,0,0,0,0,0,0,1,0,0,0,0,3,1,1,0,0,0,0,0,0,0,1,0,0,0,0,0,0,1,0,0,0,0,0,1,0,0,0,0,0,0,0,0,0,0,1,1,0,0,0,0,0,1,0,3,1,0,1,0,0,0,0,0,0,0,1,0,0
LR,0,0,0,0,0,0,0,0,0,0,0,0,0,1,0,0,0,0,0,0,0,0,0,0,0,0,0,0,0,0,0,0,0,0,0,0,0,3,0,4,0,0,0,0,0,0,0,5,5,0,2,0,2,0,0,0,0,0,0,0,0,0,0,0,0,1,0,0,0,2,1,0,0,0,0,5,0,0,0,0,0,0,0,0,0,0,0,0,0,0,0,0,0,0,0,0,0,0,0,0,0,0,0,0,0,0,2,0,0,0,0,0,0,0,0,0,0,2,3,0,0,0,0,0,0,0,0,0,0,0,3,0,0,0,0,0,0,0,0,0,1,0,0,0,0,0,0,0,0,0,0,0,0,0,0,0,0,0,0,0,4,0,0,0,0,0,0,0,0,0,0,0,0,0
LS,0,0,0,0,0,0,0,0,0,0,0,0,0,0,0,0,0,1,0,0,0,0,2,0,0,0,0,0,0,0,0,1,0,0,0,0,0,0,0,0,0,0,0,0,0,0,1,0,0,1,0,0,0,0,0,0,0,0,0,0,0,0,0,0,0,0,0,0,0,1,0,0,0,0,0,0,0,0,0,0,1,0,0,0,0,0,0,0,0,0,0,0,0,0,0,0,0,0,0,0,0,0,0,0,0,0,0,1,0,1,0,0,2,0,0,0,0,0,0,0,0,0,0,0,0,0,0,0,0,0,1,0,0,0,0,0,0,0,0,0,0,0,0,0,0,1,0,0,2,0,0,0,0,0,1,0,0,1,0,1,1,0,0,0,0,0,0,0,0,0,1,1,0,0
LT,0,0,0,17,14,0,4,315,10,0,8,10,1,489,0,154,0,0,0,1,1,5,1,6,0,20,1,0,156,0,0,2,10,6,0,0,0,128,254,627,0,241,0,0,1,183,2,361,528,3,274,10,467,1,0,25,1,0,0,0,0,0,0,0,0,142,0,204,0,245,86,4,0,0,54,539,0,0,1,7,4,0,0,10,0,1,1,2,0,0,0,0,100,177,0,9,0,33,15,0,0,34,0,0,0,0,59,0,0,0,0,2,0,2,0,1,0,431,219,0,6,0,0,2,0,0,0,0,330,0,282,0,0,220,94,13,0,0,0,0,285,0,172,196,1,0,0,0,0,0,0,0,0,0,15,118,9,0,69,1,311,32,4,1,0,0,0,0,1,0,15,0,0,0
LU,0,0,0,19,15,0,4,275,3,0,7,16,0,462,0,121,0,0,0,0,1,7,0,6,0,11,0,1,164,0,1,1,7,3,0,0,1,198,152,607,0,189,0,1,0,118,3,434,545,2,235,3,489,1,0,16,2,1,0,0,0,1,0,0,0,104,0,134,1,207,94,4,0,1,36,507,0,0,0,0,2,0,0,4,0,0,0,0,0,0,0,100,0,97,0,4,0,27,15,0,0,20,0,0,0,0,52,0,0,0,2,0,1,0,0,2,0,380,173,0,1,0,0,1,0,0,1,1,192,1,282,0,0,154,71,4,0,0,0,0,225,1,172,101,0,2,0,0,0,0,1,0,0,0,4,91,2,1,32,1,310,35,3,0,0,0,0,0,0,0,11,1,0,0
LV,0,0,0,19,16,0,8,284,3,0,7,12,2,383,1,148,0,0,0,0,1,6,0,6,0,15,0,0,128,0,2,1,3,5,0,0,1,111,220,496,0,213,0,0,0,186,2,297,441,2,261,6,400,0,0,30,3,0,0,0,0,1,0,1,0,133,0,169,2,210,100,2,0,0,52,438,0,0,1,3,3,1,0,5,0,1,0,1,0,0,0,177,97,0,0,5,0,26,14,0,0,29,1,0,0,0,62,0,0,0,1,0,0,2,0,0,0,359,196,0,1,0,0,1,0,0,1,1,302,0,280,0,0,215,63,9,0,0,0,0,264,0,185,161,0,1,0,0,0,0,0,1,1,1,11,126,12,1,56,0,240,10,3,1,0,0,0,0,1,0,17,0,0,0
LY,0,0,0,0,0,0,0,0,0,0,0,0,0,1,0,0,0,0,0,0,0,0,0,0,0,0,0,0,0,0,0,0,0,0,0,0,0,0,0,2,0,0,0,2,0,0,1,2,1,0,0,0,2,0,0,0,0,0,0,0,0,0,0,0,0,0,0,0,0,0,0,0,0,0,0,2,0,0,1,0,0,0,0,0,0,0,2,0,0,0,0,0,0,0,0,2,0,0,0,0,0,0,0,0,0,1,0,0,0,0,0,0,0,0,0,0,0,1,0,0,0,0,0,0,0,0,0,0,0,1,1,0,0,0,0,0,0,0,0,0,0,0,0,0,0,0,0,0,0,0,0,0,0,0,2,1,0,0,0,0,0,0,0,0,0,0,0,0,0,0,1,0,0,0
MA,0,1,0,4,2,0,1,16,1,0,1,2,0,37,4,10,0,0,2,0,0,3,1,0,0,2,1,0,11,2,1,2,1,1,0,0,3,11,8,56,1,15,0,7,0,5,16,29,55,3,8,2,50,0,0,3,6,0,0,0,0,0,0,0,1,5,0,7,0,11,13,3,2,0,3,58,0,0,6,0,9,1,0,0,0,0,5,0,1,0,0,9,4,5,2,0,0,4,2,1,0,3,0,0,0,3,4,1,0,2,0,1,4,0,0,9,0,31,15,1,1,0,1,0,0,0,1,0,14,2,24,0,1,15,7,1,4,0,1,1,16,0,9,5,0,10,0,0,0,0,3,1,1,0,21,26,1,5,3,4,23,0,1,1,0,0,0,0,3,0,12,3,0,0
MC,0,0,0,0,0,0,0,0,0,0,0,0,0,1,0,0,0,0,0,0,0,0,0,0,0,0,0,0,1,0,0,0,0,0,0,0,0,0,0,1,0,0,0,0,0,0,0,0,0,0,1,0,1,0,0,0,0,0,0,0,0,0,0,0,0,0,0,0,0,1,0,0,0,0,0,1,0,0,0,0,0,0,0,0,0,0,0,0,0,0,0,0,0,0,0,0,0,0,0,0,0,0,0,0,0,0,0,0,0,0,0,0,0,0,0,0,0,1,0,0,0,0,0,0,0,0,0,0,0,0,1,0,0,0,0,0,0,0,0,0,1,0,0,0,0,0,0,0,0,0,0,0,0,0,0,0,0,0,0,0,1,0,0,0,0,0,0,0,0,0,0,0,0,0
MD,0,0,0,21,17,0,3,49,0,0,8,12,0,66,0,43,0,0,0,0,0,3,0,9,0,2,0,0,22,0,0,0,0,0,0,0,0,43,44,84,0,27,0,0,0,40,5,73,80,1,37,4,77,0,0,31,0,0,0,0,0,1,0,0,0,32,0,39,0,48,35,0,0,0,14,76,0,0,1,0,1,1,0,0,0,0,0,0,1,0,0,33,27,26,0,4,0,0,18,0,0,26,0,0,0,0,18,0,0,0,1,0,1,0,0,0,0,53,30,1,0,0,0,0,0,0,0,0,51,1,54,0,0,77,31,4,0,0,0,0,29,0,25,31,0,0,0,0,0,0,0,1,1,0,7,33,3,0,35,0,33,1,0,0,0,0,0,0,2,0,9,0,0,0
ME,0,0,0,17,10,0,0,23,1,0,7,14,0,31,0,25,0,0,0,0,0,0,0,5,0,2,0,0,15,0,0,0,1,1,0,0,0,20,16,34,0,16,0,0,0,18,2,31,38,0,12,3,33,0,0,13,0,0,0,0,0,0,0,0,0,27,0,25,0,21,16,0,0,0,6,38,0,0,1,0,0,0,0,0,0,0,0,0,0,0,0,15,15,14,0,2,0,18,0,0,0,25,0,0,0,0,15,0,0,0,0,0,0,0,0,0,0,26,13,0,0,0,0,0,0,0,0,0,22,1,30,0,0,29,30,1,0,0,0,0,12,0,25,17,0,0,0,0,0,0,0,0,0,0,1,15,0,0,9,0,26,1,0,0,0,0,0,0,4,0,2,0,0,0
MG,0,0,0,0,0,0,0,2,1,0,0,0,0,4,3,0,0,1,1,0,0,1,1,0,0,0,0,0,5,2,0,1,1,1,0,0,1,1,1,7,1,2,0,1,0,0,1,1,6,2,3,0,9,0,0,0,2,0,0,0,0,0,0,0,0,0,0,0,0,3,1,0,0,0,1,4,0,0,0,0,5,0,0,1,0,0,0,0,0,0,0,0,0,0,0,1,0,0,0,0,0,0,0,0,0,0,0,0,0,0,0,0,1,0,2,2,0,8,4,0,1,0,0,0,0,0,0,0,1,0,2,0,0,2,1,1,1,0,0,0,4,0,1,1,1,2,0,0,0,0,1,0,0,0,1,0,0,2,0,2,6,3,0,0,0,0,0,0,0,0,6,1,0,0
MH,0,0,0,0,0,0,0,0,0,0,0,0,0,0,0,0,0,0,0,0,0,0,0,0,0,0,0,0,0,0,0,0,0,0,0,0,0,1,0,2,0,0,0,0,0,0,0,2,0,0,0,0,1,0,0,0,0,0,0,0,0,0,0,0,0,0,0,0,0,0,0,0,0,0,0,1,0,0,0,0,0,0,0,0,0,0,0,0,0,0,0,0,0,0,0,0,0,0,0,0,0,0,0,0,0,0,0,0,0,0,0,0,0,0,0,0,0,1,1,0,0,0,0,0,0,0,0,0,0,0,0,0,0,0,0,0,0,0,0,0,0,0,0,0,0,0,0,0,0,0,0,0,0,0,0,0,0,0,0,0,1,0,0,0,0,0,0,0,0,0,0,0,0,0
MK,0,0,0,25,12,0,1,60,2,0,7,21,0,82,0,46,0,0,0,0,0,0,1,5,0,4,0,0,29,0,0,0,1,0,0,0,0,40,39,96,0,33,0,0,0,31,4,76,99,1,33,3,72,0,0,16,1,0,0,0,0,0,0,0,0,50,0,42,0,35,28,1,0,0,12,94,0,0,3,0,1,0,0,0,0,0,0,0,0,0,0,34,20,29,0,3,0,26,25,0,0,0,0,0,0,0,13,0,0,0,0,1,1,0,0,0,0,73,35,0,0,0,0,0,0,0,1,0,57,1,59,0,0,54,51,1,0,0,0,0,29,0,57,31,0,0,0,0,0,0,0,1,0,0,3,35,2,0,24,0,59,3,0,0,0,0,1,0,6,0,6,0,0,0
ML,0,0,0,0,0,0,0,2,1,0,0,0,1,4,7,1,0,0,1,0,0,0,0,0,0,0,2,0,4,0,0,0,0,0,0,0,0,0,2,7,1,1,0,1,0,0,0,2,6,1,1,0,7,1,0,1,3,0,0,0,1,0,0,0,0,0,0,1,0,1,1,0,0,0,0,5,0,0,0,0,3,0,0,0,0,0,0,0,0,0,0,0,0,1,0,0,0,0,0,0,0,0,0,0,0,0,0,0,0,0,0,0,1,2,0,1,0,8,2,0,0,0,0,0,0,0,0,0,1,0,1,0,0,0,2,0,0,0,0,0,3,0,1,1,0,5,0,0,0,1,0,1,0,0,1,0,0,0,1,2,5,0,0,0,0,0,0,0,0,1,2,0,0,0
MM,0,0,0,0,0,0,0,0,0,0,0,0,0,0,0,0,0,0,0,0,0,0,0,0,0,0,0,0,0,0,0,0,0,0,0,0,0,0,0,1,0,0,0,0,0,0,0,0,0,0,0,0,1,0,0,0,0,0,0,0,0,0,0,0,0,0,0,0,1,0,0,0,0,0,0,1,0,0,0,0,0,0,0,0,0,0,0,0,0,0,0,0,0,0,0,0,0,0,0,0,0,0,0,0,0,0,0,0,0,0,0,1,0,0,0,0,0,0,1,0,0,0,0,0,0,0,1,0,1,0,1,0,0,0,0,0,0,0,0,0,0,0,0,0,0,0,0,0,0,0,0,1,0,0,0,0,0,0,0,0,1,0,0,0,0,0,1,0,0,0,0,0,0,0
MN,0,0,0,0,0,0,0,0,0,0,0,0,0,0,0,0,0,0,0,0,0,0,0,0,0,0,0,0,1,0,0,0,1,0,0,0,0,1,0,1,0,1,0,0,0,0,0,0,1,0,0,0,0,0,0,0,0,0,0,0,0,0,0,0,0,0,0,0,0,0,1,1,0,0,0,1,0,0,0,0,0,0,0,0,0,0,0,0,0,0,0,0,0,0,0,0,0,0,0,0,0,0,0,0,0,0,0,0,0,0,1,0,0,0,0,0,0,0,0,0,0,0,0,0,0,0,0,0,0,0,0,1,0,0,0,0,0,0,0,0,0,0,0,0,0,0,0,0,0,0,0,0,0,0,0,0,0,0,0,0,1,0,0,0,0,0,0,0,0,0,0,0,0,0
MR,0,0,0,0,0,0,0,0,0,0,0,0,0,1,1,0,0,0,0,0,0,1,0,0,0,0,1,0,0,1,0,0,0,0,0,0,1,1,0,1,0,2,0,1,0,0,1,1,2,0,0,1,1,0,0,0,1,0,0,0,0,0,0,0,0,1,0,1,0,0,0,0,0,0,1,2,0,0,0,0,1,0,0,0,0,0,1,0,0,0,0,0,0,0,1,3,0,0,0,0,0,0,0,0,0,0,0,0,0,1,0,0,1,0,0,1,0,1,1,0,0,0,0,0,0,0,0,0,0,0,2,0,0,1,1,0,1,0,1,1,0,0,1,1,0,2,0,0,0,0,1,0,0,0,2,1,0,1,0,1,1,0,0,0,0,0,0,0,0,0,1,1,0,0
MT,0,0,0,15,12,0,2,104,2,0,7,9,2,142,0,70,0,0,0,0,1,1,0,7,0,3,0,0,41,0,1,0,4,0,0,0,0,88,76,184,0,82,0,0,0,70,3,163,188,1,87,7,161,0,0,12,0,0,0,0,0,0,0,0,0,68,0,69,0,109,43,0,1,0,23,203,0,0,2,2,5,1,0,0,0,1,1,0,0,2,0,59,52,62,0,4,0,18,15,0,0,13,0,0,0,0,0,0,0,0,1,0,0,0,0,1,0,145,82,0,0,0,0,0,0,0,2,0,93,0,116,0,0,82,35,3,0,0,0,0,87,0,70,60,0,1,0,0,0,0,0,1,0,0,13,51,0,3,18,4,110,4,2,0,0,0,0,1,3,0,4,0,0,0
MU,0,0,0,0,0,0,0,1,0,0,0,0,0,4,0,1,0,1,0,0,0,0,1,0,0,0,1,0,1,1,0,2,0,0,0,0,0,1,0,4,0,2,0,0,0,1,1,2,3,2,1,0,4,0,0,0,0,0,0,0,0,0,0,0,0,0,0,0,0,1,1,1,0,0,0,3,0,0,0,0,4,0,0,0,0,0,0,0,0,0,1,0,0,0,0,1,0,0,0,0,0,0,0,0,0,0,0,0,0,1,0,0,1,0,0,3,0,3,0,0,0,0,0,0,0,0,0,0,2,0,1,0,0,0,0,0,1,0,0,0,1,0,0,0,0,2,0,0,1,0,0,0,0,0,2,0,0,1,0,1,0,0,0,0,0,0,0,0,0,0,4,1,0,0
MV,0,0,0,0,0,0,0,0,0,0,0,0,0,2,0,0,0,0,0,0,0,0,0,0,0,0,0,0,1,0,0,0,0,0,0,0,0,0,0,2,0,1,0,0,0,0,0,0,0,0,0,0,1,0,0,0,0,0,1,0,0,0,0,0,0,0,0,0,0,0,0,0,0,0,0,0,0,0,0,0,0,0,0,0,0,0,0,0,0,0,0,0,0,0,0,0,0,0,0,0,0,0,0,0,0,0,0,0,0,0,0,0,0,0,0,0,0,2,1,0,0,0,0,0,0,0,0,0,0,0,0,0,0,0,0,0,0,0,0,0,0,0,0,0,0,0,0,0,0,0,0,0,0,0,0,0,0,0,0,0,1,0,0,0,0,0,0,0,0,0,0,0,0,0
MW,0,0,0,0,0,0,0,2,0,0,0,0,0,6,3,0,0,1,3,0,0,0,1,0,0,0,1,0,4,1,0,1,0,0,0,0,0,1,1,5,0,3,0,0,0,0,2,0,5,6,0,0,3,0,0,0,7,0,0,0,0,0,0,0,0,1,0,1,0,6,0,0,0,0,0,5,0,0,0,0,10,0,0,0,0,0,0,0,0,0,1,0,0,0,0,2,0,0,0,0,0,0,0,0,0,1,0,1,0,0,1,0,4,0,1,2,0,9,4,0,1,0,0,0,0,0,0,1,0,0,0,0,0,1,1,0,3,0,0,1,3,0,1,1,0,2,0,0,1,0,1,0,0,0,3,3,0,8,0,8,9,0,0,0,0,0,0,0,0,0,9,3,0,0
MX,0,0,0,0,1,0,11,3,1,0,0,0,0,12,0,2,0,0,0,0,0,10,0,1,0,3,0,0,10,0,9,0,3,6,5,2,0,3,4,24,0,8,0,0,5,1,0,3,26,1,7,0,20,0,1,1,2,0,0,0,0,2,0,0,0,1,0,3,0,1,4,3,0,0,3,19,0,2,0,1,1,1,1,3,0,0,0,0,0,0,0,0,2,1,0,0,0,1,0,0,0,0,0,0,1,0,1,0,0,1,0,0,0,1,0,0,0,15,5,0,1,0,0,4,1,0,0,0,5,0,15,2,0,3,0,0,1,0,0,0,2,0,2,1,0,1,0,0,0,0,0,0,0,0,0,2,0,1,0,0,17,5,4,0,0,0,0,0,0,0,6,0,0,0
MY,0,0,0,0,0,0,0,5,1,0,0,0,0,6,0,5,0,0,0,0,0,1,0,0,0,0,0,0,5,0,0,0,0,1,0,0,0,2,2,11,0,3,0,0,1,2,0,5,10,0,4,0,9,0,0,0,0,0,0,0,0,0,0,0,0,3,0,3,2,2,0,1,0,0,0,9,0,0,0,0,0,0,0,0,0,0,1,0,0,0,0,2,0,0,0,1,0,0,0,0,0,1,0,1,0,0,0,0,0,0,0,0,0,0,0,0,0,6,4,0,0,0,0,1,1,0,3,0,7,0,5,0,0,1,1,0,0,0,0,0,3,0,2,2,1,0,0,0,0,0,0,4,0,0,0,3,3,0,0,0,11,2,0,0,1,0,4,0,0,0,0,0,0,0
MZ,0,0,0,0,0,0,0,6,0,0,0,0,0,13,4,1,0,1,2,0,0,1,4,0,0,0,2,0,8,3,0,4,0,1,0,0,1,1,1,22,1,4,0,2,0,0,4,4,24,9,2,0,10,3,0,1,6,0,0,0,0,0,1,0,0,3,0,2,0,1,0,1,0,0,0,18,0,0,0,1,8,0,1,0,0,0,0,0,1,0,2,0,1,0,0,4,0,1,0,1,0,1,1,0,0,1,0,1,0,4,0,0,0,0,2,7,0,12,4,0,0,0,0,0,0,0,1,1,0,1,7,0,0,3,2,0,3,0,0,2,7,0,2,1,0,6,0,0,4,1,2,0,0,0,4,2,0,7,1,12,13,1,0,0,0,0,0,0,0,0,14,8,3,0
NC,0,0,0,0,0,0,1,2,1,0,0,0,1,4,2,2,0,0,0,0,0,1,0,0,0,0,0,0,5,0,0,0,1,1,0,1,0,0,2,6,0,1,0,0,1,2,0,2,5,0,2,0,9,0,0,0,0,0,0,0,0,0,0,0,0,0,0,2,0,2,3,0,0,0,0,5,0,0,0,0,0,0,1,0,0,0,0,0,0,0,0,2,0,2,0,0,0,0,0,0,0,0,2,0,0,0,0,0,0,0,1,0,0,0,0,0,0,6,4,0,0,0,0,1,3,0,0,0,3,0,4,0,0,2,2,1,0,0,0,0,2,0,2,2,0,3,0,0,0,0,0,0,0,0,0,2,0,0,0,0,5,0,0,0,0,0,0,0,0,0,1,0,0,0
NE,0,0,0,0,0,0,0,1,0,0,0,0,0,1,1,0,0,0,0,0,0,0,0,0,0,0,0,0,3,1,0,0,0,0,0,0,1,0,0,3,0,1,0,0,0,0,1,1,5,1,1,0,2,0,0,0,3,0,0,0,0,0,0,0,0,0,0,0,0,1,0,0,0,0,0,4,0,0,0,0,3,0,0,0,0,0,0,0,0,0,0,0,0,0,0,0,0,0,0,2,0,0,0,0,0,0,0,0,0,1,0,0,2,0,0,1,0,2,1,0,0,0,0,0,0,0,0,0,0,0,1,0,0,0,1,0,1,0,0,0,3,0,0,0,1,1,0,0,0,0,0,0,0,0,2,0,0,0,0,1,2,0,0,0,0,0,0,0,0,0,3,0,0,0
NG,0,1,0,0,0,0,2,7,1,0,0,0,1,20,8,2,0,2,5,0,0,3,1,0,0,2,3,0,7,6,0,6,2,1,1,1,2,5,2,32,1,7,0,3,0,3,7,12,21,9,5,0,22,4,0,0,16,0,0,0,0,0,0,0,0,3,1,3,0,1,2,1,1,0,0,25,0,0,1,0,22,0,0,0,0,0,0,0,0,0,0,1,2,0,0,9,0,0,0,2,0,0,1,0,0,1,1,3,0,2,0,0,7,0,1,0,0,27,6,0,1,0,0,0,0,0,1,1,2,1,12,0,0,3,5,1,7,0,0,2,9,0,6,1,1,8,0,0,0,0,2,1,0,0,4,4,0,10,1,13,12,3,0,0,0,0,0,0,0,0,21,5,1,0
NI,0,0,0,0,0,0,0,1,0,0,0,0,0,0,0,0,0,0,0,0,0,0,0,0,0,0,0,0,0,0,0,1,0,0,0,0,0,0,1,2,0,2,0,0,0,0,0,0,1,0,0,0,2,0,0,0,0,0,0,0,0,0,0,0,0,0,0,0,0,2,0,0,0,0,0,2,0,0,0,0,0,0,0,0,0,0,0,0,0,0,0,0,0,0,0,0,0,0,0,0,0,0,0,0,0,0,0,0,0,0,0,0,0,0,0,0,0,2,0,0,0,0,0,0,0,0,0,0,0,0,1,0,0,0,0,0,0,0,0,0,0,0,0,0,0,0,0,0,0,0,0,0,0,0,0,0,0,0,0,1,0,1,0,0,0,0,2,0,0,0,0,0,0,0
NL,0,2,0,39,17,0,33,1955,82,2,11,34,9,3559,22,449,1,3,8,3,3,45,6,11,1,116,10,2,1335,8,20,16,95,39,7,3,4,498,1012,5210,2,1674,0,9,11,537,26,2079,4141,26,1543,19,3942,8,1,36,49,3,10,0,1,3,0,14,1,433,1,785,9,1255,560,36,1,2,151,4194,1,4,4,40,75,5,2,38,1,0,12,1,3,2,0,431,380,359,1,31,1,53,26,8,1,73,8,0,0,1,145,3,2,9,15,6,12,6,2,27,2,0,1416,3,21,1,2,18,4,0,10,6,1407,2,1565,1,0,818,309,48,15,1,0,0,1989,3,726,383,5,33,2,1,2,1,3,14,0,0,39,489,25,27,169,40,2914,314,10,1,1,0,13,0,11,1,137,12,4,0
NO,0,1,3,17,8,1,16,774,36,0,3,18,5,1351,8,226,0,1,5,1,2,31,4,5,1,73,7,0,478,3,11,3,45,8,4,2,8,260,450,1952,1,855,0,3,2,301,12,879,1677,20,759,27,1537,0,0,25,18,2,23,0,1,2,0,4,1,211,1,329,5,611,230,14,2,1,157,1597,0,2,2,20,27,1,2,16,0,0,7,0,1,3,0,219,173,196,0,15,0,30,13,4,1,35,2,1,0,1,82,0,1,4,5,4,4,4,1,6,0,1416,0,0,14,0,2,7,1,1,7,6,619,2,743,0,0,378,122,28,6,2,1,0,907,1,322,218,2,13,0,1,2,0,2,12,0,0,22,276,16,17,70,18,1122,117,8,1,0,0,10,0,4,0,68,4,0,1
NP,0,0,0,0,0,0,0,2,0,0,0,0,1,1,0,0,0,0,0,0,0,0,0,0,0,0,0,0,1,1,1,0,1,1,0,0,0,0,1,4,0,1,0,0,1,0,0,0,1,1,1,0,1,0,0,0,0,0,0,0,0,0,0,0,0,0,0,1,0,0,0,0,0,0,0,2,0,0,0,0,1,1,0,0,0,0,0,0,1,0,0,0,0,0,0,1,0,1,0,0,0,0,0,0,0,0,0,0,0,0,0,0,0,0,0,0,0,3,0,0,0,0,0,0,0,0,1,1,1,0,0,0,0,0,0,0,1,0,0,0,2,0,0,0,0,0,0,0,0,0,0,1,1,0,0,0,0,1,0,0,3,0,1,0,0,0,1,0,0,0,0,0,0,0
NZ,0,0,0,0,0,0,2,16,8,0,0,0,0,23,1,4,0,0,0,0,0,5,0,0,0,5,0,0,10,0,0,0,5,1,0,0,0,4,5,23,0,11,0,0,0,5,0,12,21,0,13,2,21,0,0,1,1,0,1,0,0,0,0,0,0,1,0,6,0,13,4,1,0,0,5,30,0,0,0,2,2,0,0,0,0,0,0,0,0,0,0,6,1,1,0,1,0,0,0,1,0,0,0,0,0,0,0,0,0,1,1,0,0,0,0,1,0,21,14,0,0,0,0,0,0,1,0,0,9,0,13,0,0,6,5,3,0,0,0,0,12,1,3,3,0,0,0,0,0,0,0,1,0,0,0,5,0,1,1,2,26,10,1,1,0,0,0,0,0,0,7,0,0,0
OM,0,0,0,0,0,0,0,0,0,0,0,0,0,0,0,0,1,0,0,0,0,0,0,0,0,0,0,0,0,0,0,0,0,0,0,0,0,0,0,1,0,1,0,0,0,0,0,0,1,0,1,0,1,0,0,0,0,0,0,0,0,0,0,0,0,0,0,0,0,0,0,0,0,0,0,1,0,0,0,0,0,0,0,0,0,0,0,0,0,0,0,0,0,0,0,0,0,0,0,0,0,0,0,0,0,0,0,0,0,0,0,0,0,0,0,0,0,1,0,0,0,0,0,0,0,0,0,0,0,0,0,0,0,0,0,0,0,1,0,0,1,0,1,0,0,0,0,0,0,0,0,0,0,0,0,0,0,0,0,0,1,0,0,0,0,0,0,0,0,0,0,0,0,0
PA,0,0,0,0,0,0,1,0,0,0,0,0,0,1,1,0,0,0,0,0,0,1,0,0,0,0,0,0,1,0,1,0,0,0,0,0,0,0,0,3,0,0,0,1,0,0,1,1,1,0,0,0,3,0,0,0,0,0,0,0,0,0,0,0,1,0,0,1,0,1,1,0,0,0,0,2,0,0,0,0,1,0,0,0,0,0,0,0,0,0,0,0,0,0,0,1,0,0,0,0,0,0,0,0,0,0,0,0,0,0,0,0,0,0,0,0,0,2,2,0,0,0,0,0,0,0,0,0,0,0,0,0,0,0,0,0,0,0,0,0,1,0,0,0,0,1,0,0,0,0,0,0,0,0,0,1,0,0,0,0,2,0,2,0,0,0,0,0,0,0,1,0,0,0
PE,0,0,0,0,0,0,8,7,0,0,1,0,1,12,0,3,0,0,0,1,0,8,0,0,0,1,0,0,4,0,7,0,1,10,3,2,0,2,4,22,0,4,0,1,5,0,0,6,20,0,5,0,16,0,0,0,1,0,0,0,0,1,0,0,0,1,0,0,1,6,1,0,0,0,0,16,0,2,0,0,1,0,1,0,0,0,0,0,0,0,0,2,1,1,0,0,0,0,0,0,0,0,0,0,0,0,0,0,0,0,4,1,0,1,0,0,0,18,7,0,0,0,0,0,2,0,0,0,4,0,11,0,0,5,1,1,0,0,0,0,3,0,2,0,1,1,0,0,0,0,0,0,0,0,0,4,1,3,0,2,13,3,2,0,1,0,0,0,0,0,2,0,0,0
PF,0,0,0,0,0,0,0,1,0,0,0,0,0,2,0,0,0,0,0,0,0,2,0,0,0,0,0,0,1,0,0,0,1,2,0,1,0,0,0,4,0,0,0,0,2,0,0,3,3,0,1,0,7,0,0,0,0,0,0,0,0,0,0,0,0,0,0,0,0,0,0,0,0,0,0,2,0,0,0,0,0,0,1,0,0,0,0,0,0,0,0,0,0,0,0,0,0,0,0,0,0,0,0,0,0,0,0,0,0,0,1,1,0,3,0,0,0,4,1,0,0,0,0,2,0,0,0,0,1,0,3,0,0,0,0,0,0,0,0,0,0,0,0,0,1,1,0,0,0,0,0,0,0,0,1,0,0,0,0,0,2,1,0,0,1,0,0,0,0,0,0,0,0,0
PG,0,0,0,0,0,0,0,0,0,0,0,0,0,1,0,0,0,0,0,0,0,0,0,0,0,0,0,0,0,0,0,0,0,0,0,0,0,0,0,1,0,0,0,0,0,0,0,1,0,0,1,0,0,0,0,0,0,0,0,0,0,0,0,0,0,0,0,1,0,0,0,0,0,0,0,1,0,0,0,0,0,0,0,0,0,0,0,0,0,0,0,0,0,0,0,0,0,0,0,0,0,0,0,0,0,0,0,0,0,0,0,0,0,0,0,0,0,0,1,0,1,0,0,0,0,0,0,0,0,0,0,0,0,0,1,0,0,0,0,0,0,0,0,1,0,0,0,0,0,0,0,0,0,0,0,0,0,0,0,0,1,0,0,0,0,0,0,0,0,0,0,0,0,0
PH,0,0,0,0,0,0,0,5,0,0,0,0,1,7,0,3,0,0,0,0,0,2,0,0,0,2,0,0,3,0,1,0,1,1,0,0,0,2,4,12,0,3,0,0,1,1,0,5,7,0,5,0,8,0,0,0,2,0,0,0,0,0,0,0,0,2,0,4,3,2,1,3,0,0,1,11,0,0,0,0,2,0,0,0,0,0,0,0,0,0,0,0,1,1,0,1,0,0,0,0,0,1,0,1,0,0,2,0,0,0,0,3,1,0,0,1,0,10,7,1,0,0,0,0,0,0,0,1,5,1,8,0,0,2,0,1,1,0,0,0,6,0,1,2,0,0,0,0,0,0,0,3,0,0,0,3,2,1,2,1,9,1,1,0,0,0,4,0,0,0,0,0,0,0
PK,0,1,0,0,0,0,0,5,1,0,0,0,2,7,0,0,0,0,1,0,0,1,1,0,0,2,0,0,3,0,0,0,0,0,0,0,0,1,3,10,0,4,0,0,0,1,0,3,5,1,2,0,6,0,0,0,1,0,0,0,0,0,0,0,0,1,0,1,0,2,0,2,0,0,0,8,0,0,1,0,0,1,0,0,0,0,0,0,1,0,0,0,1,1,0,0,0,0,0,0,0,0,0,0,0,0,0,0,0,1,0,0,1,0,0,1,0,6,6,1,0,0,0,0,0,0,1,0,4,1,3,0,0,1,0,0,0,0,0,0,5,0,2,1,0,0,0,0,0,0,0,0,0,0,1,3,0,2,0,3,9,0,0,0,0,0,0,0,0,0,2,0,0,0
PL,0,1,0,29,25,0,23,955,33,0,8,34,3,1429,1,369,0,0,1,1,1,19,1,15,0,55,0,0,541,0,10,2,37,11,3,0,1,287,650,2090,0,718,0,0,4,313,16,1060,1881,7,753,13,1670,0,0,41,4,0,8,0,1,1,0,4,0,315,0,489,4,610,274,9,3,1,102,1915,0,0,5,17,12,2,0,12,0,2,10,1,0,0,0,330,192,302,0,14,0,51,22,1,0,57,1,1,0,0,93,2,0,0,5,7,0,3,0,2,0,1407,619,1,9,0,0,4,1,0,5,4,0,1,858,0,0,533,196,26,5,0,0,0,875,0,409,338,0,3,0,0,0,0,1,7,1,1,31,316,20,1,161,4,1097,96,5,3,0,0,5,0,8,0,51,1,0,0
PS,0,0,0,0,0,0,0,1,0,0,0,0,0,4,0,0,0,0,0,0,0,1,0,0,0,0,0,0,2,0,0,0,0,0,0,0,0,0,0,6,0,1,0,1,0,0,3,4,7,0,0,0,5,0,0,2,0,0,0,0,0,0,0,0,0,0,0,1,0,0,2,1,1,1,0,6,0,0,2,0,1,0,0,0,0,0,3,0,0,0,0,0,1,0,1,2,0,1,1,0,0,1,0,0,0,0,0,0,0,0,0,0,1,0,0,1,0,2,2,0,0,0,0,0,0,0,1,1,1,0,2,0,0,1,1,0,0,0,0,0,2,0,1,0,0,0,0,0,0,0,0,0,0,0,1,3,0,0,2,1,4,0,0,0,0,0,0,0,1,0,0,0,0,0
PT,0,0,0,35,21,0,26,956,30,1,8,30,4,1680,9,361,0,1,4,0,2,45,3,11,1,60,1,0,513,2,19,5,42,21,8,2,8,380,568,2317,1,844,0,7,4,357,21,1361,2371,8,860,21,1955,0,0,35,19,2,7,1,0,1,1,3,0,348,0,468,7,827,331,9,1,2,122,2203,0,4,2,11,22,2,2,17,0,1,12,1,0,3,1,282,282,280,1,24,1,54,30,2,0,59,1,1,0,2,116,1,0,0,15,5,7,4,1,12,1,1565,743,0,13,0,0,11,3,0,8,3,858,2,0,1,0,592,195,26,1,1,1,1,902,1,500,286,0,16,0,0,1,0,2,10,0,0,44,359,16,10,122,14,1279,100,9,1,0,0,6,1,7,0,71,6,2,0
PY,0,0,0,0,0,0,1,0,0,0,0,0,0,1,0,0,0,0,0,0,0,0,0,0,0,0,0,0,1,0,1,0,1,0,0,0,0,1,0,2,0,1,0,0,0,0,0,0,2,0,0,0,0,0,0,0,0,0,0,0,0,0,0,0,0,0,0,0,0,0,1,1,0,0,0,1,0,0,0,0,0,0,0,0,0,0,0,0,0,0,0,0,0,0,0,0,0,0,0,0,0,0,0,0,1,0,0,0,0,0,2,0,0,0,0,0,0,1,0,0,0,0,0,0,0,0,0,0,0,0,1,0,0,0,0,0,0,0,0,0,0,0,0,0,0,0,0,0,0,0,0,0,0,0,0,0,0,0,0,0,1,0,0,0,0,0,0,0,0,0,0,0,0,0
QA,0,0,0,0,0,0,0,0,0,0,0,0,0,1,0,0,0,0,0,0,0,0,0,0,0,0,0,0,0,0,0,0,0,0,0,0,0,0,0,1,0,1,0,0,0,0,0,0,1,0,0,0,1,0,0,0,0,0,0,0,0,0,0,0,0,0,0,1,0,0,0,0,0,0,0,1,0,0,0,0,0,0,0,0,0,0,1,0,0,0,0,0,0,0,0,1,0,0,0,0,0,0,0,0,0,0,0,0,0,0,0,0,0,0,0,0,0,0,0,0,0,0,0,0,0,0,0,0,0,0,0,0,0,0,0,0,0,0,0,0,0,0,0,0,0,0,0,0,0,0,0,0,0,0,0,1,0,0,0,0,1,0,0,0,0,0,0,0,0,0,0,0,0,0
RO,0,0,0,40,21,0,14,594,10,1,9,30,1,916,2,340,0,0,1,0,3,17,1,10,0,36,1,1,279,1,6,2,21,10,2,1,2,285,379,1205,1,396,0,3,2,269,16,818,1171,3,445,8,981,1,0,38,5,1,2,0,0,1,0,0,0,248,0,349,2,465,210,4,0,0,71,1201,0,0,3,5,8,1,0,7,0,0,5,0,0,0,0,220,154,215,0,15,0,77,29,2,0,54,0,0,0,1,82,0,0,1,3,1,3,2,0,3,0,818,378,0,6,0,0,5,0,0,2,1,533,1,592,0,0,0,142,19,2,0,0,1,527,0,343,229,0,5,0,1,0,0,2,4,0,0,28,237,17,4,111,4,640,45,7,0,0,0,3,0,4,0,36,2,0,0
RS,0,0,0,33,15,0,2,231,6,0,7,39,2,351,5,121,0,0,1,0,0,3,0,7,0,6,1,0,118,1,0,1,12,3,1,0,0,109,132,464,0,162,0,0,1,79,5,335,470,4,169,4,354,1,0,26,5,0,0,0,0,0,0,2,0,124,0,132,1,186,64,2,4,0,24,450,0,0,2,3,9,1,0,3,0,0,2,0,1,0,0,94,71,63,0,7,0,31,30,1,0,51,2,0,0,1,35,0,0,1,0,1,2,2,1,5,0,309,122,0,5,0,0,1,0,1,0,0,196,1,195,0,0,142,0,3,3,0,0,1,173,0,162,71,1,9,0,0,0,0,2,4,0,0,13,79,4,3,56,5,242,17,2,0,0,0,1,0,8,0,14,1,0,1
RU,0,0,0,2,1,0,3,21,7,0,2,0,0,51,0,11,0,0,0,0,0,9,1,0,0,18,0,0,32,0,0,0,13,1,0,0,0,6,21,78,0,23,0,0,0,9,0,24,47,1,32,5,67,0,0,5,0,0,6,0,0,0,0,1,0,7,0,16,4,19,12,8,0,0,12,66,0,0,0,8,1,0,0,6,0,0,2,0,0,0,0,13,4,9,0,1,0,4,1,1,0,1,0,0,0,0,3,0,0,0,0,0,0,1,0,1,0,48,28,0,3,0,0,1,0,0,1,0,26,0,26,0,0,19,3,0,0,0,0,0,39,0,12,9,0,1,0,0,0,0,0,1,0,0,1,15,2,0,11,0,61,20,0,0,0,0,1,0,0,0,9,0,0,0
RW,0,0,0,0,0,0,0,3,0,0,0,0,1,14,3,2,0,3,2,0,0,0,1,0,0,0,3,0,2,2,1,3,0,1,0,0,0,2,1,18,1,5,0,2,1,1,2,5,10,8,4,0,7,0,0,0,5,0,0,0,0,0,0,0,0,2,0,2,0,2,0,0,0,0,0,11,0,0,0,0,17,0,0,0,0,0,1,0,0,0,0,0,0,0,0,4,0,0,0,1,0,0,0,0,0,1,0,1,0,3,1,0,3,0,1,7,0,15,6,1,0,0,0,0,0,0,1,0,5,0,1,0,0,2,3,0,0,0,0,1,7,0,2,1,0,5,0,0,0,0,3,0,0,0,3,1,0,11,0,10,8,0,1,0,0,0,1,0,0,0,11,3,0,0
SA,0,0,0,0,0,0,0,0,0,0,0,0,0,1,0,0,1,0,0,0,0,0,0,0,0,1,0,0,2,0,0,0,1,0,0,0,0,0,0,5,0,4,0,0,0,0,0,0,2,0,1,0,5,0,0,0,0,0,0,0,0,0,0,0,0,0,0,0,0,0,0,0,0,0,1,3,0,0,0,0,0,0,0,0,0,0,0,0,0,0,0,0,0,0,0,0,0,0,0,0,0,0,0,0,0,0,0,0,0,0,0,0,0,0,0,0,0,1,2,0,0,1,0,0,0,0,0,0,0,0,1,0,0,0,0,0,0,0,0,0,1,0,1,0,0,0,0,0,0,0,0,0,0,0,0,2,0,0,0,0,4,0,0,0,0,0,0,0,0,0,0,0,0,0
SC,0,0,0,0,0,0,0,0,0,0,0,0,0,0,0,0,0,0,0,0,0,1,0,0,0,0,0,0,0,0,0,0,0,0,0,0,1,0,0,0,0,1,0,0,0,0,0,0,1,0,0,1,0,0,0,0,0,0,0,0,0,0,0,0,0,0,0,0,0,0,0,0,0,0,1,0,0,0,0,0,0,0,0,0,0,0,0,0,0,0,0,0,0,0,0,1,0,0,0,0,0,0,0,0,0,1,0,0,0,0,0,0,0,0,0,0,0,0,1,0,0,0,0,0,0,0,0,0,0,0,1,0,0,0,0,0,0,0,0,0,0,0,0,0,0,1,0,0,0,0,0,0,0,0,0,0,0,0,0,0,1,0,0,0,0,0,0,0,0,0,0,0,0,0
SD,0,0,0,0,0,0,0,1,0,0,0,0,0,3,2,0,0,0,0,0,0,0,0,0,0,0,1,0,0,2,0,1,0,0,0,0,0,1,0,1,0,1,0,0,0,0,1,0,2,1,0,0,2,0,0,0,2,0,0,0,0,0,0,0,0,1,0,1,0,0,0,0,0,0,0,2,0,0,0,0,3,0,0,0,0,0,0,0,0,0,0,0,0,0,0,1,0,0,0,0,0,0,0,0,0,1,0,0,0,1,0,0,2,0,0,2,0,0,0,0,0,0,0,0,0,0,0,0,0,0,1,0,0,1,1,0,1,0,0,0,0,0,1,1,0,3,0,0,0,1,1,0,0,0,1,1,0,2,0,2,0,0,0,0,0,0,0,0,0,0,2,3,2,0
SE,0,1,2,17,6,0,21,1208,48,1,4,21,8,1855,14,292,1,0,2,0,1,30,7,3,1,79,6,0,823,5,12,3,51,16,3,1,3,291,676,2989,0,1057,0,1,3,352,14,1156,2354,16,1086,20,2279,2,0,25,16,2,14,0,0,1,0,9,1,280,0,526,5,730,306,13,4,1,118,2353,0,2,5,32,34,1,1,24,1,0,8,1,1,1,0,285,225,264,0,16,1,29,12,4,0,29,3,0,0,0,87,1,0,3,2,3,7,2,3,9,0,1989,907,2,12,1,1,3,0,0,6,5,875,2,902,0,0,527,173,39,7,1,0,0,0,2,461,275,1,18,0,0,0,0,0,9,1,0,28,319,23,19,124,15,1701,213,6,2,0,0,5,0,6,0,87,5,1,0
SG,0,0,0,0,0,0,0,3,1,0,0,0,0,3,0,0,0,0,0,0,0,0,0,0,0,0,0,0,3,0,0,0,2,0,0,0,0,0,0,4,0,4,0,0,0,0,0,2,5,0,1,0,3,0,0,0,0,0,0,0,0,0,0,0,0,0,0,0,0,1,2,1,0,0,0,3,0,0,0,2,0,0,0,0,0,1,0,0,0,0,0,0,1,0,0,0,0,0,0,0,0,0,0,0,0,0,0,0,0,0,0,0,0,0,0,0,0,3,1,0,1,0,0,0,0,0,0,0,0,0,1,0,0,0,0,0,0,0,0,0,2,0,2,0,0,0,0,0,0,0,0,0,0,0,0,1,0,0,0,0,6,2,0,0,0,0,0,0,0,0,0,0,0,0
SI,0,0,0,28,14,0,13,596,11,0,6,33,3,803,3,215,1,0,1,1,1,13,1,5,0,20,2,0,279,1,2,1,19,4,4,2,1,225,344,1099,1,383,0,1,1,208,7,634,1058,3,420,6,869,0,0,24,4,0,2,0,0,1,0,0,0,251,0,294,1,356,135,3,3,2,66,1057,0,1,4,11,11,0,1,2,0,1,7,1,0,0,0,172,172,185,0,9,0,25,25,1,0,57,1,0,0,1,70,0,0,1,2,2,2,2,0,6,0,726,322,0,3,1,0,2,0,0,1,2,409,1,500,0,0,343,162,12,2,1,0,1,461,2,0,192,0,5,0,0,0,0,3,3,0,0,15,192,9,5,85,7,543,40,4,0,0,0,2,0,7,0,25,2,0,0
SK,0,0,0,22,17,0,5,345,13,0,7,20,3,443,2,174,0,0,0,0,1,8,1,8,0,23,1,1,161,1,1,0,8,3,1,0,0,104,324,576,0,216,0,0,0,153,6,322,508,2,242,7,456,1,0,27,8,0,1,0,0,2,0,2,0,169,0,246,3,233,100,4,1,0,48,532,0,0,0,7,6,0,0,4,0,1,5,1,0,0,0,196,101,161,0,5,0,31,17,1,0,31,1,0,0,1,60,0,0,1,1,2,1,2,0,1,0,383,218,0,3,0,0,0,0,1,2,1,338,0,286,0,0,229,71,9,1,0,0,1,275,0,192,0,0,4,0,0,0,0,1,1,0,0,14,111,11,2,74,3,295,33,3,2,0,0,2,0,2,0,17,2,1,1
SL,0,0,0,0,0,0,0,0,0,0,0,0,0,2,1,0,0,0,0,0,0,1,0,0,0,0,1,0,1,1,0,1,0,1,0,0,1,0,0,3,0,0,0,0,1,0,0,2,1,1,0,0,5,1,0,0,2,0,0,0,0,0,0,0,0,0,0,0,0,1,1,1,0,0,0,2,0,0,0,0,3,0,0,0,0,0,0,0,0,0,0,1,0,0,0,0,0,0,0,1,0,0,0,0,0,0,0,0,0,0,0,1,0,0,1,1,0,5,2,0,0,0,0,1,1,0,0,0,0,0,0,0,0,0,1,0,0,0,0,0,1,0,0,0,0,0,0,0,0,0,0,0,0,0,0,0,0,1,0,1,5,2,0,0,1,0,0,0,0,0,0,0,0,0
SN,0,0,0,1,0,1,0,13,2,0,0,1,3,32,14,2,0,1,4,0,0,6,4,0,0,2,3,0,13,8,0,8,2,3,0,2,3,4,5,46,2,14,0,7,1,0,11,15,33,11,13,1,56,0,0,0,18,0,0,1,1,0,0,0,1,1,0,8,0,6,2,0,2,0,1,41,0,0,0,0,26,0,1,1,0,0,0,0,0,0,1,0,2,1,0,10,0,0,0,2,0,0,5,0,0,2,1,2,0,2,1,0,6,3,1,8,0,33,13,0,0,0,1,1,1,0,0,0,3,0,16,0,0,5,9,1,5,0,1,3,18,0,5,4,0,0,0,0,1,2,5,2,0,0,9,7,0,9,2,20,26,3,1,0,0,0,0,0,2,0,27,7,4,1
SR,0,0,0,0,0,0,0,1,0,0,0,0,0,1,0,0,0,0,0,0,0,0,0,0,0,0,0,0,0,0,0,0,0,0,0,0,0,0,1,0,0,1,0,0,0,0,0,0,0,0,0,0,0,0,0,0,1,0,0,0,0,0,0,0,0,0,0,0,0,0,0,0,0,0,0,1,0,0,0,0,0,0,0,0,0,0,0,0,0,0,0,0,0,0,0,0,0,0,0,0,0,0,0,0,0,0,0,0,0,0,0,0,0,0,0,0,0,2,0,0,0,0,0,0,0,0,0,0,0,0,0,0,0,0,0,0,0,0,0,0,0,0,0,0,0,0,0,0,0,0,0,0,0,0,0,0,0,0,0,0,1,1,0,0,0,0,0,0,1,0,2,0,0,0
SX,0,0,0,0,0,0,0,0,0,0,0,0,0,1,0,0,0,0,0,0,1,0,0,0,0,0,0,0,0,0,0,0,0,0,0,0,0,0,0,1,0,0,0,0,0,0,0,0,1,0,0,0,1,0,0,0,0,0,0,0,0,0,0,0,0,1,0,0,0,0,0,0,0,0,0,1,0,0,0,0,0,0,0,0,0,0,0,0,0,0,0,0,0,0,0,0,0,0,0,0,0,0,0,0,0,0,0,0,0,0,0,0,0,0,0,0,0,1,1,0,0,0,0,0,0,0,0,0,0,0,0,0,0,1,0,0,0,0,0,0,0,0,0,0,0,0,0,0,0,0,0,0,0,0,0,0,0,0,0,0,1,0,0,0,0,0,0,0,0,0,0,0,0,0
SZ,0,0,0,0,0,0,0,0,0,0,0,0,0,0,0,0,0,1,0,0,0,0,2,0,0,0,0,0,1,0,0,1,0,0,0,0,0,0,0,2,0,1,0,0,0,0,1,1,1,1,0,0,0,0,0,0,0,0,0,0,0,0,0,0,0,0,0,0,0,1,0,0,0,0,0,0,0,0,0,0,1,0,0,0,0,0,0,0,0,0,2,0,0,0,0,0,0,0,0,0,0,0,0,0,0,0,0,1,0,1,0,0,4,0,0,0,0,2,2,0,0,0,0,0,0,0,0,0,0,0,1,0,0,0,0,0,0,0,0,0,0,0,0,0,0,1,0,0,0,0,0,0,0,0,1,0,0,1,0,2,1,1,0,0,0,0,0,0,0,0,2,1,0,0
TD,0,0,0,0,0,0,0,0,0,0,0,0,0,2,1,0,0,0,0,0,0,0,0,0,0,0,0,0,0,1,0,1,0,0,0,0,0,0,0,1,1,0,0,1,0,0,0,0,2,1,0,0,1,0,0,0,1,0,0,0,0,0,0,0,0,0,0,0,0,0,0,0,0,0,0,2,0,0,0,0,2,0,0,0,0,0,0,0,0,0,0,0,0,0,0,0,0,0,0,0,0,0,1,0,0,0,0,0,0,0,0,0,1,0,0,0,0,1,0,0,0,0,0,0,0,0,0,0,0,0,0,0,0,0,0,0,0,0,0,1,0,0,0,0,0,2,0,0,0,0,0,0,0,0,1,0,0,0,0,1,0,0,0,0,0,0,0,0,0,0,1,1,1,0
TG,0,0,0,0,0,0,0,3,0,0,0,0,0,4,2,0,0,0,1,0,0,0,1,0,0,0,1,0,2,1,0,1,1,0,0,1,0,1,0,3,1,1,0,1,0,0,2,0,4,2,1,0,4,0,0,0,1,0,0,0,0,0,0,0,0,1,0,1,0,0,0,0,0,0,0,3,0,0,0,0,3,0,0,0,0,0,0,0,0,0,0,0,1,0,0,3,0,0,0,1,0,0,0,0,0,1,0,0,0,1,0,0,2,0,0,2,0,3,2,0,0,0,0,0,0,0,0,0,1,0,2,0,0,2,2,0,3,0,0,1,0,0,3,1,0,5,0,0,0,0,0,0,0,0,3,1,0,2,0,2,2,0,1,0,0,0,0,0,0,0,2,2,0,0
TH,0,0,0,0,0,0,2,13,3,0,0,0,1,15,1,3,0,0,0,0,0,1,0,0,0,0,0,0,8,0,0,1,1,0,0,0,0,2,6,25,0,9,0,0,0,4,0,10,20,2,7,0,20,0,0,0,1,0,0,0,1,0,0,0,0,5,1,7,2,6,3,2,0,0,0,21,0,0,0,1,1,1,1,1,0,0,1,0,1,0,0,0,0,1,0,1,0,1,0,0,0,1,1,1,0,0,1,0,0,0,0,4,0,0,0,1,0,14,12,1,1,0,0,0,0,0,3,0,7,0,10,0,0,4,4,1,0,0,0,0,9,0,3,1,0,2,0,0,0,0,0,0,1,0,0,3,2,0,2,1,12,2,0,0,0,0,9,0,0,0,3,0,0,0
TJ,0,0,0,0,0,0,0,1,0,0,0,0,0,1,0,1,0,0,0,0,0,0,0,0,0,0,0,0,0,0,0,0,0,0,0,0,0,0,0,2,0,0,0,0,0,0,0,0,0,1,0,0,2,0,0,0,0,0,0,0,0,0,0,0,0,0,0,0,0,0,0,0,0,0,0,1,0,0,0,0,0,2,0,0,0,1,0,0,1,0,0,0,0,1,0,1,0,1,0,0,0,0,0,0,0,0,0,0,0,0,0,0,0,0,0,0,0,0,0,1,0,0,0,0,0,0,0,0,1,0,0,0,0,0,0,0,0,0,0,0,1,0,0,0,0,0,0,0,0,0,0,1,0,1,0,1,0,0,0,0,3,0,0,1,0,0,0,0,1,0,0,0,0,0
TM,0,0,0,0,0,0,0,0,0,0,0,0,0,1,0,0,0,0,0,0,0,0,0,0,0,0,0,0,0,0,0,0,0,0,0,0,0,0,0,1,0,0,0,0,0,0,0,0,0,0,0,0,1,0,0,0,0,0,0,0,0,0,0,0,0,0,0,0,0,0,0,0,0,0,0,0,0,0,0,0,0,1,0,0,0,1,0,0,0,0,0,0,0,1,0,0,0,0,0,0,0,0,0,0,0,0,0,0,0,0,0,0,0,0,0,0,0,0,0,0,0,0,0,0,0,0,0,0,1,0,0,0,0,0,0,0,0,0,0,0,0,0,0,0,0,0,0,0,0,0,0,0,1,0,0,0,0,0,0,0,1,0,0,1,0,0,0,0,0,0,0,0,0,0
TN,0,1,0,5,4,0,1,21,0,0,1,4,0,50,4,13,0,1,0,1,0,3,1,0,0,2,3,0,15,1,1,3,3,0,0,1,1,22,22,64,1,18,0,6,0,14,20,54,81,7,24,4,81,0,0,3,9,0,0,0,0,0,0,0,0,12,0,14,1,19,14,0,2,0,9,79,0,0,6,0,13,0,0,1,0,0,10,0,0,0,1,15,4,11,2,21,0,7,1,1,0,3,1,0,0,2,13,2,0,3,0,0,4,0,2,4,0,39,22,0,0,0,0,0,1,0,0,1,31,1,44,0,0,28,13,1,3,0,0,1,28,0,15,14,0,9,0,0,1,1,3,0,0,0,0,38,3,5,5,5,26,0,1,0,0,0,0,0,2,0,18,2,0,0
TR,0,2,0,21,14,0,12,383,5,0,9,17,2,570,3,149,0,0,0,0,0,10,1,9,0,19,2,0,166,1,1,2,15,8,0,0,0,134,204,771,0,248,0,5,1,141,24,462,767,5,274,10,641,0,0,37,6,0,3,0,0,0,0,0,1,108,0,169,4,249,145,2,5,0,62,777,0,0,9,3,9,0,1,8,0,2,10,1,0,0,0,118,91,126,1,26,0,33,15,0,0,35,0,0,0,1,51,0,0,3,2,3,2,2,0,4,0,489,276,0,5,0,1,4,0,0,3,3,316,3,359,0,1,237,79,15,1,2,0,1,319,1,192,111,0,7,0,0,0,0,1,3,1,0,38,0,15,3,64,5,397,15,5,2,0,0,2,0,7,0,32,1,0,0
TW,0,0,0,0,0,0,1,16,1,0,0,0,0,30,0,16,0,0,0,0,0,5,0,0,0,5,0,0,13,0,0,0,7,0,1,0,0,9,14,41,0,11,0,0,0,12,2,20,38,0,17,0,38,0,0,0,0,0,0,0,0,0,0,2,0,6,0,10,1,11,14,5,0,0,2,39,0,0,0,4,0,0,0,2,0,0,0,0,0,0,0,9,2,12,0,1,0,3,0,0,0,2,0,0,0,0,0,0,0,0,0,3,0,0,0,0,0,25,16,0,0,0,0,1,0,0,2,0,20,0,16,0,0,17,4,2,0,0,0,0,23,0,9,11,0,0,0,0,0,0,0,2,0,0,3,15,0,0,1,0,26,5,0,0,0,0,1,0,0,0,6,0,0,0
TZ,0,0,0,0,0,0,0,8,0,0,0,0,1,19,7,1,0,3,4,0,0,0,2,0,0,0,9,0,8,2,1,3,0,3,0,0,0,1,3,37,1,11,0,3,1,0,7,6,23,11,13,0,17,1,0,0,16,0,0,0,0,0,0,0,0,1,0,3,0,7,1,1,0,0,0,27,0,0,1,0,29,0,0,0,0,0,0,0,0,0,1,0,1,1,0,5,0,0,0,2,0,0,0,0,0,1,3,1,0,8,1,0,7,0,0,10,0,27,17,1,1,0,0,3,0,0,1,2,1,0,10,0,0,4,3,0,11,0,0,2,19,0,5,2,1,9,0,0,1,0,2,0,0,0,5,3,0,0,0,28,25,3,1,0,0,0,1,0,0,0,19,8,1,0
UA,0,0,0,14,14,0,1,122,5,0,9,10,1,197,0,83,0,0,0,0,0,3,0,8,0,12,0,0,49,0,1,0,7,3,0,0,0,48,115,293,0,75,0,0,0,54,1,155,239,4,106,1,229,0,0,33,3,0,1,0,0,0,0,1,0,61,0,87,1,89,31,2,1,0,21,243,0,0,0,9,3,0,0,3,0,0,3,1,1,0,0,69,32,56,0,3,0,35,9,0,0,24,1,0,0,0,18,0,0,0,0,0,1,0,0,1,0,169,70,0,1,0,0,0,0,0,2,0,161,2,122,0,0,111,56,11,0,0,0,0,124,0,85,74,0,2,0,0,0,0,0,2,0,0,5,64,1,0,0,1,117,14,0,1,0,0,0,0,2,1,7,0,0,1
UG,0,0,0,0,0,0,0,12,0,0,0,0,3,31,12,2,0,3,6,1,0,2,3,0,0,2,8,1,13,6,0,8,0,2,0,0,1,2,4,51,1,12,0,3,1,1,8,11,37,18,15,0,33,2,0,0,19,0,0,0,0,0,0,0,0,2,0,5,0,10,1,3,0,0,0,37,0,0,0,0,37,2,1,0,0,0,1,0,0,0,1,1,1,0,0,4,0,0,0,2,0,0,2,0,0,1,4,1,0,8,0,0,12,0,1,13,1,40,18,0,2,0,0,2,0,0,1,3,4,1,14,0,0,4,5,0,10,0,0,2,15,0,7,3,1,20,0,0,2,1,2,1,0,0,5,5,0,28,1,0,30,4,0,0,0,0,2,0,0,0,31,6,2,0
UK,0,1,4,27,16,1,37,1517,91,0,8,30,10,2582,17,385,1,3,5,2,1,59,7,11,1,120,6,0,1561,5,25,8,116,29,9,6,3,405,822,4443,1,1318,0,6,9,372,18,1740,3530,27,1161,19,3498,2,1,36,31,3,11,0,0,2,0,17,1,325,1,621,9,1089,513,37,4,5,133,3540,1,4,10,51,50,5,2,45,1,2,15,1,3,4,1,311,310,240,0,23,1,33,26,6,1,59,5,1,1,1,110,0,1,9,17,11,13,5,2,12,0,2914,1122,3,26,1,2,13,2,1,9,9,1097,4,1279,1,1,640,242,61,8,4,1,0,1701,6,543,295,5,26,1,1,1,0,2,12,3,1,26,397,26,25,117,30,0,312,18,3,0,1,13,0,14,1,114,10,1,1
US,0,0,0,3,0,0,11,138,43,0,0,2,2,285,3,24,0,0,0,0,0,26,0,0,0,53,1,0,170,1,3,1,31,10,2,1,0,18,91,397,0,165,0,0,2,24,0,105,301,3,119,7,347,3,0,0,4,0,7,0,1,0,0,4,0,29,0,62,3,105,64,12,0,1,23,308,0,1,0,25,4,1,1,20,1,0,1,0,1,0,0,32,35,10,0,0,0,1,1,3,0,3,0,0,0,0,4,0,0,0,5,2,1,0,0,3,1,314,117,0,10,0,0,3,1,0,1,0,96,0,100,0,0,45,17,20,0,0,0,0,213,2,40,33,2,3,1,0,1,0,0,2,0,0,0,15,5,3,14,4,312,0,1,0,1,0,3,0,2,0,29,0,0,0
UY,0,0,0,0,0,0,5,8,0,0,0,0,1,8,1,5,0,0,0,0,0,7,0,0,0,1,0,0,7,0,7,0,3,8,3,2,0,3,6,18,0,7,0,1,2,4,2,7,21,0,7,0,19,0,1,0,2,0,0,0,0,0,0,0,1,3,0,7,0,9,3,0,0,1,3,16,0,0,0,1,2,1,0,1,0,0,0,0,0,0,0,4,3,3,0,1,0,0,0,0,0,0,0,0,0,0,2,0,0,0,4,0,0,0,0,0,0,10,8,1,1,0,2,2,0,0,1,0,5,0,9,0,0,7,2,0,1,0,0,0,6,0,4,3,0,1,0,0,0,0,1,0,0,0,1,5,0,1,0,0,18,1,0,0,0,0,1,0,0,0,2,0,0,0
UZ,0,0,0,0,1,0,0,2,0,0,0,0,0,4,0,0,0,0,0,0,0,0,0,0,0,0,0,0,1,0,0,0,0,0,0,0,0,0,1,4,0,1,0,0,0,1,0,2,3,0,0,0,2,0,0,1,0,0,0,0,0,0,0,0,0,0,0,0,0,0,0,0,0,0,0,2,0,0,0,0,0,2,0,0,0,2,0,0,1,0,0,1,0,1,0,1,0,0,0,0,0,0,0,0,0,0,0,0,0,0,0,0,0,0,0,0,0,1,1,0,1,0,0,0,0,0,0,0,3,0,1,0,0,0,0,0,0,0,0,0,2,0,0,2,0,0,0,0,0,0,0,0,1,1,0,2,0,0,1,0,3,0,0,0,0,0,0,0,0,0,0,0,0,0
VE,0,0,0,0,0,0,0,0,0,0,0,0,0,0,0,0,0,0,0,0,0,1,0,0,0,0,0,0,0,0,0,0,0,1,0,0,0,0,0,1,0,0,0,0,1,0,0,0,0,0,0,0,1,0,0,0,0,0,0,0,0,0,0,0,0,0,0,0,0,0,0,0,0,0,0,0,0,0,0,0,0,0,0,0,0,0,0,0,0,0,0,0,0,0,0,0,0,0,0,0,0,0,0,0,0,0,0,0,0,0,0,1,0,0,0,0,0,1,0,0,0,0,0,1,1,0,0,0,0,0,0,0,0,0,0,0,0,0,0,0,0,0,0,0,1,0,0,0,0,0,0,0,0,0,0,0,0,0,0,0,0,1,0,0,0,0,0,0,0,0,0,0,0,0
VG,0,0,0,0,0,0,0,0,0,0,0,0,0,0,0,0,0,0,0,0,0,0,0,0,0,0,0,0,0,0,0,0,0,0,0,0,0,0,1,1,0,1,0,0,0,0,0,0,0,0,0,0,0,0,0,0,0,0,0,0,0,0,0,0,0,0,0,0,0,0,0,0,0,0,0,1,0,0,0,0,0,0,0,0,0,0,0,0,0,0,0,0,0,0,0,0,0,0,0,0,0,0,0,0,0,0,0,0,0,0,0,0,0,0,0,0,0,0,0,0,0,0,0,0,0,0,0,0,0,0,0,0,0,0,0,0,0,0,0,0,0,0,0,0,0,0,0,0,0,0,0,0,0,0,0,0,0,0,0,0,1,0,0,0,0,0,0,0,0,0,0,0,0,0
VN,0,0,0,0,0,0,1,7,1,0,0,0,0,11,1,2,0,0,0,0,0,3,0,0,0,2,0,0,2,0,2,1,3,2,0,0,0,1,5,20,0,9,0,0,1,1,0,7,15,0,7,2,16,0,0,0,2,0,0,0,0,0,0,0,0,3,0,6,3,6,0,3,0,0,3,19,0,0,0,1,3,1,0,1,0,0,0,0,0,0,0,0,0,0,0,0,0,0,0,0,0,1,0,1,0,0,0,0,0,0,0,4,0,0,0,0,2,13,10,1,0,0,0,0,0,0,4,0,5,0,6,0,0,3,1,1,1,0,0,0,5,0,2,2,0,0,0,0,0,0,0,9,0,0,0,2,1,1,0,2,13,3,1,0,0,0,0,0,0,0,0,0,0,0
WF,0,0,0,0,0,0,0,1,0,0,0,0,0,1,0,0,0,0,0,0,0,0,0,0,0,0,0,0,1,0,0,0,0,0,0,0,0,0,0,1,0,0,0,0,0,0,0,1,1,0,0,0,1,0,0,0,0,0,0,0,0,0,0,0,0,0,0,0,0,0,0,0,0,0,0,1,0,0,0,0,0,0,0,0,0,0,0,0,0,0,0,0,0,0,0,0,0,0,0,0,0,0,0,0,0,0,1,0,0,0,0,0,0,0,0,0,0,0,0,0,0,0,0,0,0,0,0,0,0,0,1,0,0,0,0,0,0,0,0,0,0,0,0,0,0,0,0,0,0,0,0,0,0,0,0,0,0,0,0,0,0,0,0,0,0,0,0,0,0,0,0,0,0,0
XK,0,0,0,8,0,0,0,9,2,0,0,8,0,17,0,6,0,0,0,0,0,0,0,0,0,0,0,0,0,0,0,0,0,0,0,0,0,5,3,19,0,7,0,1,1,5,3,11,17,0,9,1,14,0,0,1,1,0,0,0,0,0,0,0,0,2,0,4,0,5,5,0,5,0,1,13,0,0,2,0,0,0,0,0,0,1,1,0,0,0,0,1,0,1,0,3,0,2,4,0,0,6,0,0,0,0,3,0,0,0,0,0,0,0,0,0,0,11,4,0,0,0,0,0,0,0,0,0,8,1,7,0,0,4,8,0,0,0,0,0,6,0,7,2,0,2,1,0,0,0,0,0,1,0,2,7,0,0,2,0,14,2,0,0,0,0,0,0,0,0,1,0,0,1
YE,0,0,0,0,0,0,0,0,0,0,0,0,0,0,0,0,0,0,0,0,0,0,0,0,0,0,0,0,0,0,0,0,0,0,0,0,0,0,0,1,0,0,0,0,0,0,0,0,1,0,0,0,1,0,0,1,0,0,0,0,0,0,0,0,0,0,0,0,0,0,0,0,0,0,0,0,0,0,0,0,0,0,0,0,0,0,0,0,0,0,0,0,0,0,0,0,0,0,0,0,0,0,1,0,0,0,0,0,0,0,0,0,0,0,0,0,0,1,0,0,0,0,0,0,0,0,0,0,0,0,0,0,0,0,0,0,0,0,0,0,0,0,0,0,0,0,0,0,0,0,0,0,0,0,0,0,0,0,1,0,1,0,0,0,0,0,0,0,0,0,0,0,0,0
ZA,0,0,0,1,0,1,10,67,20,0,2,0,2,134,15,23,0,2,5,0,0,23,8,1,0,20,3,0,53,11,5,11,17,7,0,1,6,24,33,189,1,60,0,9,2,26,13,71,145,23,65,3,158,1,1,6,38,0,0,0,0,0,0,0,1,16,1,26,3,65,25,9,0,0,11,142,0,1,0,4,52,1,0,12,0,0,4,0,0,0,1,15,11,17,1,12,0,9,2,6,0,6,2,0,0,1,4,4,0,9,6,0,14,1,3,21,0,137,68,0,7,0,1,2,0,0,0,2,51,0,71,0,0,36,14,9,11,0,0,2,87,0,25,17,0,27,2,0,2,1,2,3,0,0,18,32,6,19,7,31,114,29,2,0,0,0,0,0,1,0,0,11,5,0
ZM,0,0,0,0,0,0,0,4,0,0,0,1,0,11,3,1,0,0,2,0,0,0,3,0,0,0,3,0,3,5,0,3,0,0,0,0,0,3,4,12,1,3,0,1,0,1,2,5,8,7,5,0,8,0,0,0,8,0,0,0,0,0,0,0,0,2,0,2,0,1,0,0,0,0,0,12,0,0,0,0,14,0,0,0,0,0,0,0,1,0,1,0,1,0,0,3,0,0,0,1,0,0,0,0,0,1,0,1,0,3,0,0,8,0,0,5,0,12,4,0,0,0,0,0,0,0,0,0,1,0,6,0,0,2,1,0,3,0,0,3,5,0,2,2,0,7,0,0,1,1,2,0,0,0,2,1,0,8,0,6,10,0,0,0,0,0,0,0,0,0,11,0,5,0
ZW,0,0,0,0,0,0,0,3,0,0,0,0,0,4,1,0,0,0,0,0,0,0,0,0,0,1,0,0,2,1,0,1,0,0,0,0,0,0,0,4,0,1,0,0,0,0,0,4,4,2,0,0,4,0,0,0,3,0,0,0,0,0,0,0,0,0,0,1,0,0,0,0,0,0,0,5,0,0,0,0,4,0,0,0,0,0,0,0,0,0,0,0,0,0,0,0,0,0,0,0,0,0,0,0,0,0,0,0,0,0,0,0,3,0,0,1,0,4,0,0,0,0,0,0,0,0,0,0,0,0,2,0,0,0,0,0,0,0,0,2,1,0,0,1,0,4,0,0,0,1,0,0,0,0,0,0,0,1,0,2,1,0,0,0,0,0,0,0,0,0,5,5,0,0
ZZ,0,0,0,0,0,0,0,0,0,0,0,0,0,1,0,0,0,0,0,0,0,0,0,0,0,0,0,0,0,0,0,0,0,0,0,0,0,0,0,1,0,0,0,0,0,0,0,0,0,0,0,0,1,0,0,0,0,0,0,0,0,0,0,0,0,0,0,0,0,0,0,0,1,0,0,1,0,0,0,0,0,0,0,0,0,0,0,0,0,0,0,0,0,0,0,0,0,0,0,0,0,0,0,0,0,0,0,0,0,0,0,0,0,0,0,0,0,0,1,0,0,0,0,0,0,0,0,0,0,0,0,0,0,0,1,0,0,0,0,0,0,0,0,1,0,1,0,0,0,0,0,0,0,0,0,0,0,0,1,0,1,0,0,0,0,0,0,0,1,0,0,0,0,0
